Tumor_Sample_Barcode,Hugo_Symbol,Chromosome,Start_Position,End_Position,Reference_Allele,Tumor_Seq_Allele1,Tumor_Seq_Allele2,pred_1,pred_2,pred_3,pred_4,pred_5,pred_6,pred_7,pred_8,class,patient_id,ICD_O3_pathology,ICD_O3_site,ajcc_stage,has_family_history,has_risk_factor,has_vasinvation,last_tumor_statu,m_stage,n_stage,neo_adj_info,patient_age,patient_gender,patient_height,patient_race,patient_status,patient_weight,t_stage,to_death_time,to_last_followup,to_last_known_alive
TCGA-3X-AAVC,NT5DC2,chr3,52527887,52527887,G,G,A,-1.4041290283203125,-0.13916289806365967,0.9273810982704164,0.7439537644386292,-1.397175908088684,0.9933207035064696,-0.7093667984008789,0.7261765003204346,Class_8,TCGA-3X-AAVC,816,C24,Stage I,data_loss,Other,None,data_empty,M0,N0,No,72,FEMALE,159,WHITE,Alive,104,T1,data_loss,371,data_empty
TCGA-YR-A95A,CYSLTR1,chrX,78273607,78273607,A,A,G,1.22184419631958,1.1146460771560671,-1.10853910446167,-0.8511215448379517,0.9476858973503112,-1.2460333108901978,0.8569669723510742,-0.8910976648330688,Class_10,TCGA-YR-A95A,816,C24,Stage IV,YES,No History of Primary Risk Factors,data_loss,data_empty,M1,NX,No,52,MALE,177,WHITE,Dead,77,T2,26,data_loss,data_empty
TCGA-3X-AAVB,AIM1L,chr1,26346664,26346664,C,C,T,-1.4216119050979614,-0.9538161754608154,1.1865382194519043,1.1826636791229248,-2.3530430793762207,1.7258551120758057,-1.0125956535339355,0.9080267548561096,Class_4,TCGA-3X-AAVB,816,C24,Stage IVB,NO,No History of Primary Risk Factors,None,data_empty,M1,N1,No,70,FEMALE,170,WHITE,Alive,76,T3,data_loss,368,data_empty
TCGA-3X-AAVC,TFAP2D,chr6,50728923,50728923,T,T,C,0.9889715313911438,1.4922521114349363,-0.9473142623901368,-0.9592093825340272,1.6072020530700684,-1.7303417921066284,0.815190315246582,-0.6180659532546997,Class_3,TCGA-3X-AAVC,816,C24,Stage I,data_loss,Other,None,data_empty,M0,N0,No,72,FEMALE,159,WHITE,Alive,104,T1,data_loss,371,data_empty
TCGA-W5-AA2X,HDAC9,chr7,18591519,18591519,C,C,T,-1.4284261465072632,-1.004932880401611,1.2264297008514404,1.2095041275024414,-2.360970497131348,1.6930826902389526,-1.0552554130554201,1.0110239982604978,Class_4,TCGA-W5-AA2X,816,C24,Stage IVB,YES,No History of Primary Risk Factors,Micro,data_empty,M1,N1,No,67,MALE,167,WHITE,Dead,88,T2b,271,data_loss,data_empty
TCGA-W5-AA2X,NAV2,chr11,19868978,19868978,C,C,A,-0.9008511900901794,-0.6010255813598633,1.1827609539031982,1.4136250019073486,-2.028585910797119,0.8270517587661743,-1.3027267456054688,1.5330554246902466,Class_5,TCGA-W5-AA2X,816,C24,Stage IVB,YES,No History of Primary Risk Factors,Micro,data_empty,M1,N1,No,67,MALE,167,WHITE,Dead,88,T2b,271,data_loss,data_empty
TCGA-W7-A93P,TLCD1,chr17,28726022,28726022,G,G,T,-2.1417596340179443,-1.20646333694458,1.9013900756835933,1.14725923538208,-2.026923656463623,1.8914867639541624,-1.2578692436218262,1.2175519466400146,Class_7,TCGA-W7-A93P,816,C24,Stage IIB,data_loss,Diabetes mellitus,None,data_empty,MX,N0,No,data_loss,FEMALE,165,WHITE,Alive,93,T3,data_loss,1777,data_empty
TCGA-YR-A95A,TBC1D8,chr2,101029734,101029734,C,C,T,-1.3615233898162842,-1.1044714450836182,1.4418666362762451,1.4304924011230469,-2.4652233123779297,1.6819518804550169,-1.374976634979248,1.3755998611450195,Class_4,TCGA-YR-A95A,816,C24,Stage IV,YES,No History of Primary Risk Factors,data_loss,data_empty,M1,NX,No,52,MALE,177,WHITE,Dead,77,T2,26,data_loss,data_empty
TCGA-W5-AA2M,GALNT13,chr2,153944418,153944418,G,G,T,-2.222555160522461,-1.3546686172485352,2.0806124210357666,1.227658748626709,-2.1084208488464355,1.9768533706665041,-1.2702560424804688,1.3604862689971924,Class_7,TCGA-W5-AA2M,816,C24,Stage IVB,NO,No History of Primary Risk Factors,None,data_empty,M1,N0,No,49,MALE,180,data_loss,Dead,79,T3,540,data_loss,data_empty
TCGA-3X-AAVC,SKA3,chr13,21168237,21168237,C,C,T,-1.4364252090454102,-1.0896875858306885,1.3828775882720947,1.285305738449097,-2.3748369216918945,1.7110881805419922,-1.2079379558563232,1.1753756999969482,Class_4,TCGA-3X-AAVC,816,C24,Stage I,data_loss,Other,None,data_empty,M0,N0,No,72,FEMALE,159,WHITE,Alive,104,T1,data_loss,371,data_empty
TCGA-YR-A95A,ZNF500,chr16,4752536,4752536,C,C,T,-1.4566214084625244,-1.066188097000122,1.3216943740844729,1.2355754375457764,-2.3408565521240234,1.6271809339523315,-1.014185667037964,1.0574793815612793,Class_4,TCGA-YR-A95A,816,C24,Stage IV,YES,No History of Primary Risk Factors,data_loss,data_empty,M1,NX,No,52,MALE,177,WHITE,Dead,77,T2,26,data_loss,data_empty
TCGA-YR-A95A,FANCA,chr16,89737941,89737941,G,G,A,-1.47489333152771,-0.25934267044067383,1.05395245552063,0.8340026736259459,-1.4271963834762569,1.0951892137527466,-0.8286910057067871,0.8334241509437561,Class_8,TCGA-YR-A95A,816,C24,Stage IV,YES,No History of Primary Risk Factors,data_loss,data_empty,M1,NX,No,52,MALE,177,WHITE,Dead,77,T2,26,data_loss,data_empty
TCGA-3X-AAVB,A1CF,chr10,50841980,50841980,A,A,G,1.1878466606140137,0.6195621490478516,-0.5892306566238403,-0.5446022748947144,0.8319995403289795,-1.1856602430343628,0.3130173683166504,-0.13507795333862305,Class_10,TCGA-3X-AAVB,816,C24,Stage IVB,NO,No History of Primary Risk Factors,None,data_empty,M1,N1,No,70,FEMALE,170,WHITE,Alive,76,T3,data_loss,368,data_empty
TCGA-W7-A93P,CACNA1C,chr12,2692771,2692771,A,A,C,1.6030545234680176,1.171872615814209,-0.9702198505401612,-0.5921012759208679,1.1140404939651491,-1.8814502954483032,0.4183311462402344,-0.12125778198242188,Class_6,TCGA-W7-A93P,816,C24,Stage IIB,data_loss,Diabetes mellitus,None,data_empty,MX,N0,No,data_loss,FEMALE,165,WHITE,Alive,93,T3,data_loss,1777,data_empty
TCGA-YR-A95A,HIST1H3G,chr6,26271279,26271279,C,C,A,-0.7940666675567627,-0.4712684154510498,0.9900667071342468,1.3436434268951416,-1.925480484962464,0.8083256483078003,-1.3188002109527588,1.414621353149414,Class_5,TCGA-YR-A95A,816,C24,Stage IV,YES,No History of Primary Risk Factors,data_loss,data_empty,M1,NX,No,52,MALE,177,WHITE,Dead,77,T2,26,data_loss,data_empty
TCGA-3X-AAVB,EFCAB5,chr17,29941830,29941830,C,C,A,-0.7294755578041077,-0.3857810497283936,0.9450388550758362,1.3808720111846924,-1.965051770210266,0.7285444736480713,-1.2233242988586426,1.3987938165664673,Class_5,TCGA-3X-AAVB,816,C24,Stage IVB,NO,No History of Primary Risk Factors,None,data_empty,M1,N1,No,70,FEMALE,170,WHITE,Alive,76,T3,data_loss,368,data_empty
TCGA-3X-AAVC,THSD7B,chr2,136990890,136990890,C,C,T,-1.4677544832229614,-1.326493501663208,1.6729955673217771,1.427565336227417,-2.4875025749206543,1.6983449459075928,-1.4943087100982666,1.6157870292663574,Class_4,TCGA-3X-AAVC,816,C24,Stage I,data_loss,Other,None,data_empty,M0,N0,No,72,FEMALE,159,WHITE,Alive,104,T1,data_loss,371,data_empty
TCGA-3X-AAVC,FGF16,chrX,77454260,77454260,G,G,A,-1.2910516262054443,-0.13661229610443115,0.9413802027702332,0.8603152632713318,-1.3772026300430298,0.9160579442977904,-0.8552854061126709,0.8852173089981079,Class_8,TCGA-3X-AAVC,816,C24,Stage I,data_loss,Other,None,data_empty,M0,N0,No,72,FEMALE,159,WHITE,Alive,104,T1,data_loss,371,data_empty
TCGA-W5-AA2X,UNC80,chr2,209839253,209839253,C,C,T,-1.5110673904418943,-1.0862691402435305,1.293123722076416,1.2240872383117676,-2.371084690093994,1.785967469215393,-1.0379726886749268,1.0053389072418213,Class_4,TCGA-W5-AA2X,816,C24,Stage IVB,YES,No History of Primary Risk Factors,Micro,data_empty,M1,N1,No,67,MALE,167,WHITE,Dead,88,T2b,271,data_loss,data_empty
TCGA-W7-A93P,UBXN2B,chr8,58448744,58448744,T,T,A,-1.0598405599594116,-0.3981649875640869,0.97728031873703,1.0331473350524902,-0.3812264204025269,0.2366253435611725,-1.2799761295318604,1.324259638786316,Class_3,TCGA-W7-A93P,816,C24,Stage IIB,data_loss,Diabetes mellitus,None,data_empty,MX,N0,No,data_loss,FEMALE,165,WHITE,Alive,93,T3,data_loss,1777,data_empty
TCGA-W7-A93P,PCMTD2,chr20,64260246,64260246,T,T,G,0.653676450252533,1.1003074645996094,-0.68548184633255,-0.9550607204437256,1.4197802543640137,-1.1513242721557615,0.7425937652587891,-0.8164259195327759,Class_2,TCGA-W7-A93P,816,C24,Stage IIB,data_loss,Diabetes mellitus,None,data_empty,MX,N0,No,data_loss,FEMALE,165,WHITE,Alive,93,T3,data_loss,1777,data_empty
TCGA-YR-A95A,TMC4,chr19,54161149,54161149,G,G,C,0.7417684197425842,1.60323965549469,-0.7446091175079346,-0.969509780406952,0.4671518802642822,-1.1263728141784668,0.9914445877075196,-0.8194524049758911,Class_1,TCGA-YR-A95A,816,C24,Stage IV,YES,No History of Primary Risk Factors,data_loss,data_empty,M1,NX,No,52,MALE,177,WHITE,Dead,77,T2,26,data_loss,data_empty
TCGA-YR-A95A,TCF7L2,chr10,113141309,113141309,C,C,A,-0.7540608048439026,-0.0795367956161499,0.6793673634529114,1.1668915748596191,-1.9775789976119995,0.7505156993865967,-0.949230432510376,0.8896458148956299,Class_5,TCGA-YR-A95A,816,C24,Stage IV,YES,No History of Primary Risk Factors,data_loss,data_empty,M1,NX,No,52,MALE,177,WHITE,Dead,77,T2,26,data_loss,data_empty
TCGA-3X-AAVC,LNX2,chr13,27548388,27548388,G,G,A,-1.5065476894378662,-0.507476806640625,1.3762874603271484,1.0098590850830078,-1.5562702417373655,1.0863186120986938,-1.0316767692565918,1.1888283491134644,Class_8,TCGA-3X-AAVC,816,C24,Stage I,data_loss,Other,None,data_empty,M0,N0,No,72,FEMALE,159,WHITE,Alive,104,T1,data_loss,371,data_empty
TCGA-W5-AA2X,GPR149,chr3,154337894,154337894,C,C,T,-1.3128278255462646,-0.9106802940368652,1.2508223056793213,1.3108127117156982,-2.37060546875,1.6422299146652222,-1.2013592720031738,1.0894098281860352,Class_4,TCGA-W5-AA2X,816,C24,Stage IVB,YES,No History of Primary Risk Factors,Micro,data_empty,M1,N1,No,67,MALE,167,WHITE,Dead,88,T2b,271,data_loss,data_empty
TCGA-W5-AA2M,OR2AK2,chr1,247966090,247966090,T,T,A,-1.2965267896652222,-0.8504879474639893,1.3732173442840576,1.195992946624756,-0.5478638410568237,0.493494063615799,-1.4394590854644775,1.642302393913269,Class_3,TCGA-W5-AA2M,816,C24,Stage IVB,NO,No History of Primary Risk Factors,None,data_empty,M1,N0,No,49,MALE,180,data_loss,Dead,79,T3,540,data_loss,data_empty
TCGA-W5-AA2M,TMEM31,chrX,103712291,103712291,A,A,G,1.2434031963348389,0.8304362893104553,-0.7279502153396606,-0.6560438275337219,0.8806327581405641,-1.2138863801956177,0.4479842185974121,-0.3748987913131714,Class_10,TCGA-W5-AA2M,816,C24,Stage IVB,NO,No History of Primary Risk Factors,None,data_empty,M1,N0,No,49,MALE,180,data_loss,Dead,79,T3,540,data_loss,data_empty
TCGA-3X-AAVC,TSPAN18,chr11,44919939,44919939,C,C,T,-1.3813822269439695,-1.1820414066314695,1.4576356410980225,1.360950231552124,-2.388352394104004,1.5878390073776243,-1.3318750858306885,1.4335238933563232,Class_4,TCGA-3X-AAVC,816,C24,Stage I,data_loss,Other,None,data_empty,M0,N0,No,72,FEMALE,159,WHITE,Alive,104,T1,data_loss,371,data_empty
TCGA-W5-AA2X,TMEM33,chr4,41954257,41954257,T,T,G,0.5877237915992737,1.0812534093856812,-0.6367384791374207,-0.9162993431091307,1.3477153778076172,-1.0724605321884155,0.7333874702453613,-0.8408745527267456,Class_2,TCGA-W5-AA2X,816,C24,Stage IVB,YES,No History of Primary Risk Factors,Micro,data_empty,M1,N1,No,67,MALE,167,WHITE,Dead,88,T2b,271,data_loss,data_empty
TCGA-W5-AA2X,TRIP11,chr14,92004132,92004132,T,T,A,-1.1703622341156006,-0.7677979469299316,1.369251012802124,1.2988383769989014,-0.5491245985031128,0.3586188554763794,-1.529266595840454,1.7874324321746826,Class_3,TCGA-W5-AA2X,816,C24,Stage IVB,YES,No History of Primary Risk Factors,Micro,data_empty,M1,N1,No,67,MALE,167,WHITE,Dead,88,T2b,271,data_loss,data_empty
TCGA-W5-AA2X,DNAH8,chr6,38848740,38848740,A,A,T,-1.0242329835891724,-1.3209102153778076,1.4124948978424072,1.5862076282501218,-1.4268490076065063,1.0350072383880615,-1.744253635406494,1.755313515663147,Class_9,TCGA-W5-AA2X,816,C24,Stage IVB,YES,No History of Primary Risk Factors,Micro,data_empty,M1,N1,No,67,MALE,167,WHITE,Dead,88,T2b,271,data_loss,data_empty
TCGA-W7-A93P,CEP290,chr12,88106685,88106685,T,T,G,0.2893005013465881,0.5030862092971802,-0.1166445016860962,-0.8336528539657593,1.208862543106079,-0.7800773382186891,0.5283689498901367,-0.4377099275588989,Class_2,TCGA-W7-A93P,816,C24,Stage IIB,data_loss,Diabetes mellitus,None,data_empty,MX,N0,No,data_loss,FEMALE,165,WHITE,Alive,93,T3,data_loss,1777,data_empty
TCGA-W5-AA2X,CGGBP1,chr3,88055520,88055520,C,C,T,-1.6498615741729736,-1.5258772373199463,1.814211130142212,1.4637072086334229,-2.579573631286621,1.8308411836624143,-1.492495059967041,1.6634366512298584,Class_4,TCGA-W5-AA2X,816,C24,Stage IVB,YES,No History of Primary Risk Factors,Micro,data_empty,M1,N1,No,67,MALE,167,WHITE,Dead,88,T2b,271,data_loss,data_empty
TCGA-W5-AA2M,NCAM2,chr21,21538008,21538008,G,G,T,-2.0574903488159184,-0.9768891334533693,1.6009206771850586,0.9865605235099792,-1.922523856163025,1.831952452659607,-1.0015528202056885,0.9089207649230956,Class_7,TCGA-W5-AA2M,816,C24,Stage IVB,NO,No History of Primary Risk Factors,None,data_empty,M1,N0,No,49,MALE,180,data_loss,Dead,79,T3,540,data_loss,data_empty
TCGA-3X-AAVC,SH3GL1,chr19,4362637,4362637,G,G,C,0.8160794377326965,1.6702159643173218,-0.8097149133682251,-0.9727306365966796,0.4953677654266357,-1.1680055856704712,0.9648556709289552,-0.8302890062332153,Class_1,TCGA-3X-AAVC,816,C24,Stage I,data_loss,Other,None,data_empty,M0,N0,No,72,FEMALE,159,WHITE,Alive,104,T1,data_loss,371,data_empty
TCGA-W5-AA2X,SLC5A9,chr1,48239474,48239474,C,C,T,-1.5661122798919678,-1.250004768371582,1.4924964904785156,1.3021900653839111,-2.3960423469543457,1.7375150918960571,-1.164531707763672,1.2082512378692627,Class_4,TCGA-W5-AA2X,816,C24,Stage IVB,YES,No History of Primary Risk Factors,Micro,data_empty,M1,N1,No,67,MALE,167,WHITE,Dead,88,T2b,271,data_loss,data_empty
TCGA-W5-AA2M,POU1F1,chr3,87262165,87262165,G,G,T,-1.9176154136657722,-0.99078369140625,1.7139103412628174,1.1517016887664795,-1.979888081550598,1.7072581052780151,-1.2057616710662842,1.2148292064666748,Class_7,TCGA-W5-AA2M,816,C24,Stage IVB,NO,No History of Primary Risk Factors,None,data_empty,M1,N0,No,49,MALE,180,data_loss,Dead,79,T3,540,data_loss,data_empty
TCGA-YR-A95A,KCNK13,chr14,90184355,90184355,C,C,T,-1.400496244430542,-1.0723390579223633,1.3743700981140137,1.2281978130340576,-2.3679661750793457,1.603335738182068,-1.1102437973022459,1.1552392244338991,Class_4,TCGA-YR-A95A,816,C24,Stage IV,YES,No History of Primary Risk Factors,data_loss,data_empty,M1,NX,No,52,MALE,177,WHITE,Dead,77,T2,26,data_loss,data_empty
TCGA-W5-AA2X,ANKS1A,chr6,34981904,34981904,C,C,T,-1.508744478225708,-1.2428538799285889,1.5716514587402344,1.3996260166168213,-2.4949722290039062,1.768845796585083,-1.373232126235962,1.38611102104187,Class_4,TCGA-W5-AA2X,816,C24,Stage IVB,YES,No History of Primary Risk Factors,Micro,data_empty,M1,N1,No,67,MALE,167,WHITE,Dead,88,T2b,271,data_loss,data_empty
TCGA-W5-AA2X,NKX2-2,chr20,21511379,21511379,C,C,T,-1.6652252674102783,-1.2537949085235596,1.598137617111206,1.3239398002624512,-2.5092692375183105,1.8760281801223762,-1.190140962600708,1.2105056047439575,Class_4,TCGA-W5-AA2X,816,C24,Stage IVB,YES,No History of Primary Risk Factors,Micro,data_empty,M1,N1,No,67,MALE,167,WHITE,Dead,88,T2b,271,data_loss,data_empty
TCGA-3X-AAVC,KRTAP10-10,chr21,44638360,44638360,G,G,C,0.6528696417808533,1.5394161939620972,-0.653917670249939,-0.8611383438110352,0.40297091007232666,-1.1037580966949463,0.9311928749084472,-0.779349684715271,Class_1,TCGA-3X-AAVC,816,C24,Stage I,data_loss,Other,None,data_empty,M0,N0,No,72,FEMALE,159,WHITE,Alive,104,T1,data_loss,371,data_empty
TCGA-YR-A95A,BMP15,chrX,50916359,50916359,G,G,T,-2.2971954345703125,-1.4650452136993408,2.1747488975524902,1.219529390335083,-2.1330919265747066,2.0416405200958248,-1.3103845119476318,1.3787504434585571,Class_7,TCGA-YR-A95A,816,C24,Stage IV,YES,No History of Primary Risk Factors,data_loss,data_empty,M1,NX,No,52,MALE,177,WHITE,Dead,77,T2,26,data_loss,data_empty
TCGA-W5-AA2X,PTPRK,chr6,127983250,127983250,G,G,A,-1.5802202224731443,-0.5609114170074463,1.3965275287628174,1.0068039894104004,-1.554566740989685,1.1681966781616209,-1.069751501083374,1.1781123876571655,Class_8,TCGA-W5-AA2X,816,C24,Stage IVB,YES,No History of Primary Risk Factors,Micro,data_empty,M1,N1,No,67,MALE,167,WHITE,Dead,88,T2b,271,data_loss,data_empty
TCGA-W5-AA2X,DHX36,chr3,154324472,154324472,G,G,A,-1.4984591007232666,-0.2058122158050537,0.9712348580360411,0.7269248366355896,-1.4139138460159302,1.0894550085067751,-0.6554157733917236,0.6712213754653931,Class_8,TCGA-W5-AA2X,816,C24,Stage IVB,YES,No History of Primary Risk Factors,Micro,data_empty,M1,N1,No,67,MALE,167,WHITE,Dead,88,T2b,271,data_loss,data_empty
TCGA-W5-AA2X,TMEM2,chr9,71685350,71685350,T,T,C,1.1736433506011963,1.603006362915039,-0.9613746404647828,-0.9880143404006958,1.6314659118652344,-1.8815380334854128,0.7086381912231445,-0.5232228040695189,Class_3,TCGA-W5-AA2X,816,C24,Stage IVB,YES,No History of Primary Risk Factors,Micro,data_empty,M1,N1,No,67,MALE,167,WHITE,Dead,88,T2b,271,data_loss,data_empty
TCGA-3X-AAVC,MARCH6,chr5,10434377,10434377,A,A,G,1.2846465110778809,0.6961290240287781,-0.7047522664070129,-0.5425229668617249,0.8532349467277527,-1.1847648620605469,0.2752366065979004,-0.14762794971466064,Class_10,TCGA-3X-AAVC,816,C24,Stage I,data_loss,Other,None,data_empty,M0,N0,No,72,FEMALE,159,WHITE,Alive,104,T1,data_loss,371,data_empty
TCGA-W7-A93P,C9orf172,chr9,136844624,136844624,A,A,G,1.2987148761749268,1.2082464694976809,-1.1461615562438965,-0.8619891405105591,1.0097558498382568,-1.3314504623413086,0.8611106872558594,-0.9450796842575072,Class_10,TCGA-W7-A93P,816,C24,Stage IIB,data_loss,Diabetes mellitus,None,data_empty,MX,N0,No,data_loss,FEMALE,165,WHITE,Alive,93,T3,data_loss,1777,data_empty
TCGA-3X-AAVC,BEND7,chr10,13499852,13499852,C,C,G,0.7509884238243103,0.8950196504592896,-0.574610710144043,-0.7626630067825317,-0.3463982343673706,-0.4820648729801178,0.8449673652648926,-0.7839537858963013,Class_4,TCGA-3X-AAVC,816,C24,Stage I,data_loss,Other,None,data_empty,M0,N0,No,72,FEMALE,159,WHITE,Alive,104,T1,data_loss,371,data_empty
TCGA-W5-AA2X,NOM1,chr7,156950401,156950401,G,G,C,0.867967426776886,1.8036561012268064,-0.9055810570716858,-0.931779146194458,0.5295429229736328,-1.1901466846466064,0.9987120628356934,-0.909049391746521,Class_1,TCGA-W5-AA2X,816,C24,Stage IVB,YES,No History of Primary Risk Factors,Micro,data_empty,M1,N1,No,67,MALE,167,WHITE,Dead,88,T2b,271,data_loss,data_empty
TCGA-W5-AA2X,IVL,chr1,152910652,152910652,C,C,G,0.94472473859787,0.9616302847862244,-0.6339521408081055,-0.6447938680648804,-0.30503809452056885,-0.6370139122009277,0.7184362411499023,-0.61729896068573,Class_4,TCGA-W5-AA2X,816,C24,Stage IVB,YES,No History of Primary Risk Factors,Micro,data_empty,M1,N1,No,67,MALE,167,WHITE,Dead,88,T2b,271,data_loss,data_empty
TCGA-3X-AAVC,PLEKHB2,chr2,131120733,131120733,G,G,A,-1.4536780118942259,-0.299485445022583,1.0912089347839355,0.9300795197486876,-1.4337619543075562,1.034631609916687,-0.8965351581573486,0.9683862924575806,Class_8,TCGA-3X-AAVC,816,C24,Stage I,data_loss,Other,None,data_empty,M0,N0,No,72,FEMALE,159,WHITE,Alive,104,T1,data_loss,371,data_empty
TCGA-YR-A95A,FBXO8,chr4,174237126,174237126,C,C,A,-0.9565520882606506,-0.7290244102478027,1.25337553024292,1.4294753074645996,-2.0845508575439453,0.8105884790420532,-1.2932395935058594,1.6364603042602541,Class_5,TCGA-YR-A95A,816,C24,Stage IV,YES,No History of Primary Risk Factors,data_loss,data_empty,M1,NX,No,52,MALE,177,WHITE,Dead,77,T2,26,data_loss,data_empty
TCGA-W5-AA2M,MMEL1,chr1,2592939,2592939,A,A,C,1.8162310123443604,1.6622453927993774,-1.3756895065307615,-0.755172073841095,1.2419129610061646,-2.1744670867919917,0.7521719932556152,-0.5568996667861938,Class_6,TCGA-W5-AA2M,816,C24,Stage IVB,NO,No History of Primary Risk Factors,None,data_empty,M1,N0,No,49,MALE,180,data_loss,Dead,79,T3,540,data_loss,data_empty
TCGA-3X-AAVC,DSC1,chr18,31130792,31130792,C,C,T,-1.3083789348602295,-1.1593692302703855,1.522148847579956,1.5391466617584229,-2.494655132293701,1.6303871870040894,-1.4773404598236084,1.5845543146133425,Class_4,TCGA-3X-AAVC,816,C24,Stage I,data_loss,Other,None,data_empty,M0,N0,No,72,FEMALE,159,WHITE,Alive,104,T1,data_loss,371,data_empty
TCGA-W5-AA2X,SMC3,chr10,110593169,110593169,G,G,T,-2.1297194957733154,-1.0478794574737549,1.7446722984313965,1.0433809757232666,-1.9974995851516724,1.9111238718032844,-1.0160033702850342,1.003103494644165,Class_7,TCGA-W5-AA2X,816,C24,Stage IVB,YES,No History of Primary Risk Factors,Micro,data_empty,M1,N1,No,67,MALE,167,WHITE,Dead,88,T2b,271,data_loss,data_empty
TCGA-W5-AA2M,LARP6,chr15,70832695,70832695,G,G,A,-1.5668866634368896,-0.6452004909515381,1.4469749927520752,1.1113638877868652,-1.6029394865036009,1.0758349895477295,-1.125110387802124,1.3725969791412354,Class_8,TCGA-W5-AA2M,816,C24,Stage IVB,NO,No History of Primary Risk Factors,None,data_empty,M1,N0,No,49,MALE,180,data_loss,Dead,79,T3,540,data_loss,data_empty
TCGA-W5-AA2M,RUNDC3B,chr7,87693952,87693952,C,C,T,-1.685641527175903,-1.480928659439087,1.752626895904541,1.3800055980682373,-2.5797266960144043,1.8677778244018561,-1.3524787425994873,1.512015700340271,Class_4,TCGA-W5-AA2M,816,C24,Stage IVB,NO,No History of Primary Risk Factors,None,data_empty,M1,N0,No,49,MALE,180,data_loss,Dead,79,T3,540,data_loss,data_empty
TCGA-3X-AAVC,CDK14,chr7,91118187,91118187,G,G,A,-1.4027215242385864,-0.2914668321609497,1.1986725330352783,0.9933547377586364,-1.5199564695358276,1.028689980506897,-1.0325562953948977,1.0716427564620972,Class_8,TCGA-3X-AAVC,816,C24,Stage I,data_loss,Other,None,data_empty,M0,N0,No,72,FEMALE,159,WHITE,Alive,104,T1,data_loss,371,data_empty
TCGA-3X-AAVC,ZNF250,chr8,144882199,144882199,G,G,T,-2.276517629623413,-1.404176950454712,2.0721571445465092,1.2112159729003906,-2.1447763442993164,1.9609118700027464,-1.2093541622161863,1.3511598110198977,Class_7,TCGA-3X-AAVC,816,C24,Stage I,data_loss,Other,None,data_empty,M0,N0,No,72,FEMALE,159,WHITE,Alive,104,T1,data_loss,371,data_empty
TCGA-3X-AAVB,ITK,chr5,157243686,157243686,G,G,T,-2.084496259689331,-1.0637326240539549,1.734264612197876,1.1577165126800537,-1.9891520738601685,1.8116824626922607,-1.0585317611694336,1.0850338935852049,Class_7,TCGA-3X-AAVB,816,C24,Stage IVB,NO,No History of Primary Risk Factors,None,data_empty,M1,N1,No,70,FEMALE,170,WHITE,Alive,76,T3,data_loss,368,data_empty
TCGA-W5-AA2X,TCP10,chr6,167384488,167384488,G,G,A,-1.3861125707626345,-0.23580050468444824,1.0506930351257324,0.8383808732032776,-1.4284714460372925,0.9170026779174804,-0.8297946453094482,0.9248272180557252,Class_8,TCGA-W5-AA2X,816,C24,Stage IVB,YES,No History of Primary Risk Factors,Micro,data_empty,M1,N1,No,67,MALE,167,WHITE,Dead,88,T2b,271,data_loss,data_empty
TCGA-YR-A95A,ATP5G2,chr12,53669286,53669286,C,C,T,-1.5801638364791868,-1.2675859928131104,1.5279912948608398,1.323976993560791,-2.423452377319336,1.7400211095809937,-1.255779504776001,1.3128252029418943,Class_4,TCGA-YR-A95A,816,C24,Stage IV,YES,No History of Primary Risk Factors,data_loss,data_empty,M1,NX,No,52,MALE,177,WHITE,Dead,77,T2,26,data_loss,data_empty
TCGA-W7-A93P,FBXO43,chr8,100141576,100141576,A,A,C,1.7316024303436282,1.224328875541687,-0.9357569217681884,-0.5042935609817505,1.1138901710510254,-2.040101766586304,0.2864503860473633,0.05137693881988525,Class_6,TCGA-W7-A93P,816,C24,Stage IIB,data_loss,Diabetes mellitus,None,data_empty,MX,N0,No,data_loss,FEMALE,165,WHITE,Alive,93,T3,data_loss,1777,data_empty
TCGA-3X-AAVC,AHNAK2,chr14,104945594,104945594,T,T,C,1.1169757843017578,1.5499789714813232,-0.8988467454910278,-0.9924277067184448,1.6544889211654663,-1.847363829612732,0.7292537689208984,-0.5429931879043579,Class_3,TCGA-3X-AAVC,816,C24,Stage I,data_loss,Other,None,data_empty,M0,N0,No,72,FEMALE,159,WHITE,Alive,104,T1,data_loss,371,data_empty
TCGA-3X-AAVC,MSN,chrX,65739099,65739099,G,G,A,-1.5027179718017578,-0.5168142318725586,1.3685498237609863,1.0456373691558838,-1.5619083642959597,1.07902991771698,-1.0407850742340088,1.2353708744049072,Class_8,TCGA-3X-AAVC,816,C24,Stage I,data_loss,Other,None,data_empty,M0,N0,No,72,FEMALE,159,WHITE,Alive,104,T1,data_loss,371,data_empty
TCGA-3X-AAVC,BIN1,chr2,127053967,127053967,G,G,T,-2.1576101779937744,-1.2192771434783936,1.9053606986999512,1.0752215385437012,-2.05827236175537,1.920432925224304,-1.1988978385925293,1.196457028388977,Class_7,TCGA-3X-AAVC,816,C24,Stage I,data_loss,Other,None,data_empty,M0,N0,No,72,FEMALE,159,WHITE,Alive,104,T1,data_loss,371,data_empty
TCGA-YR-A95A,NLRP5,chr19,56038131,56038131,G,G,T,-2.120349645614624,-1.1860876083374023,1.9038810729980469,1.1839146614074707,-2.0609698295593257,1.8960437774658203,-1.3480048179626465,1.266194462776184,Class_7,TCGA-YR-A95A,816,C24,Stage IV,YES,No History of Primary Risk Factors,data_loss,data_empty,M1,NX,No,52,MALE,177,WHITE,Dead,77,T2,26,data_loss,data_empty
TCGA-W5-AA2X,MYPN,chr10,68121806,68121806,G,G,A,-1.3726298809051514,-0.18250882625579834,1.0393455028533936,0.8599209189414978,-1.4479340314865112,0.929840922355652,-0.8618204593658447,0.925364077091217,Class_8,TCGA-W5-AA2X,816,C24,Stage IVB,YES,No History of Primary Risk Factors,Micro,data_empty,M1,N1,No,67,MALE,167,WHITE,Dead,88,T2b,271,data_loss,data_empty
TCGA-3X-AAVC,pk,chr2,173197929,173197929,G,G,A,-1.471782684326172,-0.316511869430542,1.1189374923706057,0.9384161829948424,-1.4800151586532593,1.0880709886550903,-0.8732781410217285,0.9646087884902954,Class_8,TCGA-3X-AAVC,816,C24,Stage I,data_loss,Other,None,data_empty,M0,N0,No,72,FEMALE,159,WHITE,Alive,104,T1,data_loss,371,data_empty
TCGA-W5-AA2X,RIPK4,chr21,41740916,41740916,G,G,C,0.6097224354743958,1.6492366790771484,-0.8489154577255249,-1.0564999580383299,0.5274276733398438,-1.003118634223938,1.1628756523132324,-1.093779444694519,Class_1,TCGA-W5-AA2X,816,C24,Stage IVB,YES,No History of Primary Risk Factors,Micro,data_empty,M1,N1,No,67,MALE,167,WHITE,Dead,88,T2b,271,data_loss,data_empty
TCGA-W7-A93P,FGFR4,chr5,177093232,177093232,G,G,T,-2.131600379943848,-1.2092669010162354,1.938417911529541,1.122443675994873,-2.0626416206359863,1.88336193561554,-1.14518404006958,1.1832318305969238,Class_7,TCGA-W7-A93P,816,C24,Stage IIB,data_loss,Diabetes mellitus,None,data_empty,MX,N0,No,data_loss,FEMALE,165,WHITE,Alive,93,T3,data_loss,1777,data_empty
TCGA-3X-AAVC,PIP5K1A,chr1,151247968,151247968,C,C,G,0.6579267382621765,0.6771604418754578,-0.3287472128868103,-0.5976376533508301,-0.44301021099090576,-0.4215616285800934,0.5846457481384277,-0.5098530054092407,Class_4,TCGA-3X-AAVC,816,C24,Stage I,data_loss,Other,None,data_empty,M0,N0,No,72,FEMALE,159,WHITE,Alive,104,T1,data_loss,371,data_empty
TCGA-YR-A95A,ESYT1,chr12,56131084,56131084,A,A,G,1.2021429538726809,0.6785906553268433,-0.6294808387756348,-0.6572233438491821,0.8911544680595398,-1.1740717887878418,0.30307817459106445,-0.19808363914489746,Class_10,TCGA-YR-A95A,816,C24,Stage IV,YES,No History of Primary Risk Factors,data_loss,data_empty,M1,NX,No,52,MALE,177,WHITE,Dead,77,T2,26,data_loss,data_empty
TCGA-W7-A93P,DNAH11,chr7,21619155,21619155,T,T,C,0.9752175211906432,1.262122631072998,-0.7621701955795288,-0.950297713279724,1.5936094522476196,-1.71942138671875,0.6735835075378418,-0.3962842226028441,Class_3,TCGA-W7-A93P,816,C24,Stage IIB,data_loss,Diabetes mellitus,None,data_empty,MX,N0,No,data_loss,FEMALE,165,WHITE,Alive,93,T3,data_loss,1777,data_empty
TCGA-3X-AAVB,CALN1,chr7,72403313,72403313,G,G,A,-1.4766342639923096,-0.24592363834381106,1.0526127815246582,0.7982725501060486,-1.4582346677780151,1.0214587450027466,-0.8341329097747803,0.8314977884292603,Class_8,TCGA-3X-AAVB,816,C24,Stage IVB,NO,No History of Primary Risk Factors,None,data_empty,M1,N1,No,70,FEMALE,170,WHITE,Alive,76,T3,data_loss,368,data_empty
TCGA-W5-AA2X,TUBB2A,chr6,3155657,3155657,C,C,T,-1.4877192974090576,-1.0325860977172852,1.286135196685791,1.2183337211608891,-2.395297050476074,1.7658110857009888,-1.0425665378570557,0.9754170179367064,Class_4,TCGA-W5-AA2X,816,C24,Stage IVB,YES,No History of Primary Risk Factors,Micro,data_empty,M1,N1,No,67,MALE,167,WHITE,Dead,88,T2b,271,data_loss,data_empty
TCGA-YR-A95A,KCNIP2,chr10,101827921,101827921,C,C,T,-1.4743435382843018,-1.0113196372985842,1.2276971340179443,1.18515944480896,-2.3775453567504883,1.7746288776397705,-1.0225584506988523,0.9259276986122132,Class_4,TCGA-YR-A95A,816,C24,Stage IV,YES,No History of Primary Risk Factors,data_loss,data_empty,M1,NX,No,52,MALE,177,WHITE,Dead,77,T2,26,data_loss,data_empty
TCGA-3X-AAVC,RFESD,chr5,95656251,95656251,A,A,G,1.3272485733032229,0.7936693429946899,-0.7812290191650391,-0.5898514986038208,0.8900092840194702,-1.279965877532959,0.3249669075012207,-0.2109142541885376,Class_10,TCGA-3X-AAVC,816,C24,Stage I,data_loss,Other,None,data_empty,M0,N0,No,72,FEMALE,159,WHITE,Alive,104,T1,data_loss,371,data_empty
TCGA-YR-A95A,DLG5,chr10,77817033,77817033,G,G,A,-1.333198308944702,-0.05952262878417969,0.8789770007133484,0.7224921584129333,-1.3972254991531372,0.9448357820510864,-0.6648473739624023,0.6883302927017212,Class_8,TCGA-YR-A95A,816,C24,Stage IV,YES,No History of Primary Risk Factors,data_loss,data_empty,M1,NX,No,52,MALE,177,WHITE,Dead,77,T2,26,data_loss,data_empty
TCGA-3X-AAVC,FIP1L1,chr4,53391085,53391085,G,G,A,-1.5205986499786377,-0.3415498733520508,1.1597330570220947,0.8945966362953186,-1.5109316110610962,1.0741232633590698,-0.8306100368499756,0.9837592244148254,Class_8,TCGA-3X-AAVC,816,C24,Stage I,data_loss,Other,None,data_empty,M0,N0,No,72,FEMALE,159,WHITE,Alive,104,T1,data_loss,371,data_empty
TCGA-YR-A95A,DMXL2,chr15,51474525,51474525,C,C,T,-1.595232009887695,-1.1404979228973389,1.5063042640686035,1.3166399002075195,-2.522733211517334,1.8384617567062376,-1.2249948978424072,1.1903225183486938,Class_4,TCGA-YR-A95A,816,C24,Stage IV,YES,No History of Primary Risk Factors,data_loss,data_empty,M1,NX,No,52,MALE,177,WHITE,Dead,77,T2,26,data_loss,data_empty
TCGA-W5-AA2X,VPS33B,chr15,91001450,91001450,T,T,C,1.2244198322296145,1.6358376741409302,-1.005702257156372,-0.968773066997528,1.674782156944275,-1.93145763874054,0.7209258079528809,-0.5249530076980591,Class_3,TCGA-W5-AA2X,816,C24,Stage IVB,YES,No History of Primary Risk Factors,Micro,data_empty,M1,N1,No,67,MALE,167,WHITE,Dead,88,T2b,271,data_loss,data_empty
TCGA-YR-A95A,MTMR10,chr15,30940895,30940895,G,G,A,-1.5365101099014282,-0.6466889381408691,1.5535435676574707,1.190300226211548,-1.6153076887130735,1.054748296737671,-1.227820634841919,1.4936976432800293,Class_8,TCGA-YR-A95A,816,C24,Stage IV,YES,No History of Primary Risk Factors,data_loss,data_empty,M1,NX,No,52,MALE,177,WHITE,Dead,77,T2,26,data_loss,data_empty
TCGA-3X-AAVB,RBMXL3,chrX,115192041,115192041,G,G,A,-1.2922316789627075,-0.020098567008972168,0.8364986777305603,0.7268162369728088,-1.3664692640304563,0.9006345272064209,-0.6880741119384766,0.6734851598739624,Class_8,TCGA-3X-AAVB,816,C24,Stage IVB,NO,No History of Primary Risk Factors,None,data_empty,M1,N1,No,70,FEMALE,170,WHITE,Alive,76,T3,data_loss,368,data_empty
TCGA-3X-AAVB,NAA35,chr9,86016602,86016602,A,A,T,-1.0225690603256226,-1.3850476741790771,1.4637885093688965,1.6354203224182131,-1.4169195890426636,0.9624913930892944,-1.83042573928833,1.882961630821228,Class_9,TCGA-3X-AAVB,816,C24,Stage IVB,NO,No History of Primary Risk Factors,None,data_empty,M1,N1,No,70,FEMALE,170,WHITE,Alive,76,T3,data_loss,368,data_empty
TCGA-3X-AAVB,KRAS,chr12,25245351,25245351,C,C,G,0.869268000125885,1.1361119747161863,-0.7981618046760559,-0.8515764474868774,-0.2923678159713745,-0.6283308267593384,1.0173892974853516,-1.032742619514465,Class_4,TCGA-3X-AAVB,816,C24,Stage IVB,NO,No History of Primary Risk Factors,None,data_empty,M1,N1,No,70,FEMALE,170,WHITE,Alive,76,T3,data_loss,368,data_empty
TCGA-3X-AAVC,PAFAH1B1,chr17,2667151,2667151,C,C,T,-1.499154567718506,-1.3392419815063477,1.679879903793335,1.4364025592803955,-2.5271334648132324,1.7146304845809937,-1.396632432937622,1.5433034896850586,Class_4,TCGA-3X-AAVC,816,C24,Stage I,data_loss,Other,None,data_empty,M0,N0,No,72,FEMALE,159,WHITE,Alive,104,T1,data_loss,371,data_empty
TCGA-W5-AA2X,RP4-806M20.3,chr20,58840288,58840288,G,G,A,-1.3649060726165771,-0.07541394233703612,0.9061914086341858,0.7581819891929626,-1.3873039484024048,0.9426734447479248,-0.7122678756713867,0.7097673416137695,Class_8,TCGA-W5-AA2X,816,C24,Stage IVB,YES,No History of Primary Risk Factors,Micro,data_empty,M1,N1,No,67,MALE,167,WHITE,Dead,88,T2b,271,data_loss,data_empty
TCGA-3X-AAVB,OR4A15,chr11,55367881,55367881,G,G,C,0.643290102481842,1.3272676467895508,-0.453473150730133,-0.7336118817329407,0.38827037811279297,-1.082696795463562,0.7594065666198729,-0.43904173374176025,Class_1,TCGA-3X-AAVB,816,C24,Stage IVB,NO,No History of Primary Risk Factors,None,data_empty,M1,N1,No,70,FEMALE,170,WHITE,Alive,76,T3,data_loss,368,data_empty
TCGA-W5-AA2X,PRPF40A,chr2,152657954,152657954,C,C,A,-0.8566517829895021,-0.5842380523681641,1.0408923625946045,1.4271087646484375,-2.0091276168823238,0.8176288604736328,-1.2519214153289795,1.5044658184051514,Class_5,TCGA-W5-AA2X,816,C24,Stage IVB,YES,No History of Primary Risk Factors,Micro,data_empty,M1,N1,No,67,MALE,167,WHITE,Dead,88,T2b,271,data_loss,data_empty
TCGA-W5-AA2X,PLOD1,chr1,11957858,11957858,T,T,C,1.0445408821105957,1.6953141689300537,-1.110379934310913,-1.124696969985962,1.6816143989562988,-1.835853934288025,0.9826683998107908,-0.877649188041687,Class_3,TCGA-W5-AA2X,816,C24,Stage IVB,YES,No History of Primary Risk Factors,Micro,data_empty,M1,N1,No,67,MALE,167,WHITE,Dead,88,T2b,271,data_loss,data_empty
TCGA-W5-AA2X,CGGBP1,chr3,88055613,88055613,C,C,T,-1.5901224613189695,-1.4655067920684814,1.7359817028045654,1.4980971813201904,-2.539291381835937,1.8238885402679443,-1.5704364776611328,1.6512175798416138,Class_4,TCGA-W5-AA2X,816,C24,Stage IVB,YES,No History of Primary Risk Factors,Micro,data_empty,M1,N1,No,67,MALE,167,WHITE,Dead,88,T2b,271,data_loss,data_empty
TCGA-3X-AAVC,HAAO,chr2,42783347,42783347,C,C,T,-1.6738855838775637,-1.5184226036071775,1.7975366115570068,1.3878483772277832,-2.545719623565674,1.899414300918579,-1.3940997123718262,1.510974407196045,Class_4,TCGA-3X-AAVC,816,C24,Stage I,data_loss,Other,None,data_empty,M0,N0,No,72,FEMALE,159,WHITE,Alive,104,T1,data_loss,371,data_empty
TCGA-3X-AAVB,TP53,chr17,7674221,7674221,G,G,A,-1.3130488395690918,-0.11799585819244385,0.9439865946769714,0.7766752839088441,-1.394115328788757,0.8676385879516602,-0.7365608215332031,0.8045095205307007,Class_8,TCGA-3X-AAVB,816,C24,Stage IVB,NO,No History of Primary Risk Factors,None,data_empty,M1,N1,No,70,FEMALE,170,WHITE,Alive,76,T3,data_loss,368,data_empty
TCGA-W7-A93N,PRMT1,chr19,49686092,49686092,G,G,T,-2.030028343200684,-1.0785501003265379,1.7990612983703609,1.0875513553619385,-1.9932800531387331,1.7985683679580688,-1.2059407234191897,1.1774893999099731,Class_7,TCGA-W7-A93N,816,C24,Stage IIB,YES,Smoking,Micro,data_empty,MX,N1,No,data_loss,MALE,183,WHITE,Alive,83,T3,data_loss,1441,data_empty
TCGA-3X-AAVC,GNA12,chr7,2731678,2731678,C,C,T,-1.4866065979003906,-1.3368902206420898,1.6917519569396973,1.4658997058868408,-2.505457878112793,1.7576801776885986,-1.5269672870635986,1.630501627922058,Class_4,TCGA-3X-AAVC,816,C24,Stage I,data_loss,Other,None,data_empty,M0,N0,No,72,FEMALE,159,WHITE,Alive,104,T1,data_loss,371,data_empty
TCGA-3X-AAVC,POM121,chr7,72946180,72946180,C,C,T,-1.409568190574646,-0.9597237110137941,1.3014380931854248,1.2627601623535156,-2.3854894638061523,1.6726685762405396,-1.136284589767456,1.0623196363449097,Class_4,TCGA-3X-AAVC,816,C24,Stage I,data_loss,Other,None,data_empty,M0,N0,No,72,FEMALE,159,WHITE,Alive,104,T1,data_loss,371,data_empty
TCGA-W5-AA2X,OR52I1,chr11,4594460,4594460,C,C,A,-0.8144513368606567,-0.4798798561096192,0.9964892268180848,1.3207635879516602,-1.9464749097824097,0.8448963165283203,-1.2617409229278564,1.3768264055252075,Class_5,TCGA-W5-AA2X,816,C24,Stage IVB,YES,No History of Primary Risk Factors,Micro,data_empty,M1,N1,No,67,MALE,167,WHITE,Dead,88,T2b,271,data_loss,data_empty
TCGA-3X-AAVC,ATF7IP,chr12,14423987,14423987,G,G,A,-1.3243672847747805,-0.2398214340209961,1.1661052703857422,1.0152823925018308,-1.4873038530349731,0.9904304742813108,-1.0858771800994873,1.101701259613037,Class_8,TCGA-3X-AAVC,816,C24,Stage I,data_loss,Other,None,data_empty,M0,N0,No,72,FEMALE,159,WHITE,Alive,104,T1,data_loss,371,data_empty
TCGA-YR-A95A,GNL3,chr3,52693211,52693211,G,G,T,-2.1456987857818604,-1.185180425643921,1.8888654708862305,1.0435190200805664,-2.0630249977111816,1.9361022710800169,-1.1610674858093262,1.1295177936553955,Class_7,TCGA-YR-A95A,816,C24,Stage IV,YES,No History of Primary Risk Factors,data_loss,data_empty,M1,NX,No,52,MALE,177,WHITE,Dead,77,T2,26,data_loss,data_empty
TCGA-YR-A95A,ZSCAN18,chr19,58084910,58084910,G,G,A,-1.2536242008209229,0.08121490478515625,0.7703410983085632,0.7015356421470642,-1.3610457181930542,0.9075207710266112,-0.6626174449920654,0.5838309526443481,Class_8,TCGA-YR-A95A,816,C24,Stage IV,YES,No History of Primary Risk Factors,data_loss,data_empty,M1,NX,No,52,MALE,177,WHITE,Dead,77,T2,26,data_loss,data_empty
TCGA-W5-AA2M,DARS2,chr1,173857754,173857754,G,G,T,-2.1953661441802983,-1.362673044204712,2.0828192234039307,1.238420009613037,-2.1220045089721684,1.975442051887512,-1.2826318740844729,1.368802785873413,Class_7,TCGA-W5-AA2M,816,C24,Stage IVB,NO,No History of Primary Risk Factors,None,data_empty,M1,N0,No,49,MALE,180,data_loss,Dead,79,T3,540,data_loss,data_empty
TCGA-3X-AAVB,ZBTB43,chr9,126834631,126834631,G,G,A,-1.368122100830078,-0.44193971157073975,1.252049684524536,1.124242067337036,-1.5193604230880735,0.8864333629608154,-1.1304049491882324,1.3824173212051392,Class_8,TCGA-3X-AAVB,816,C24,Stage IVB,NO,No History of Primary Risk Factors,None,data_empty,M1,N1,No,70,FEMALE,170,WHITE,Alive,76,T3,data_loss,368,data_empty
TCGA-W5-AA2M,IL17RE,chr3,9904080,9904080,C,C,G,0.8547241091728209,0.9754519462585448,-0.6074712872505188,-0.636050820350647,-0.3885382413864136,-0.5844725370407104,0.7057018280029297,-0.7184947729110718,Class_4,TCGA-W5-AA2M,816,C24,Stage IVB,NO,No History of Primary Risk Factors,None,data_empty,M1,N0,No,49,MALE,180,data_loss,Dead,79,T3,540,data_loss,data_empty
TCGA-YR-A95A,SOCS4,chr14,55043962,55043962,C,C,T,-1.287409424781799,-0.9879519939422609,1.2894341945648191,1.2962346076965332,-2.345431327819824,1.5236101150512695,-1.195791244506836,1.2433825731277466,Class_4,TCGA-YR-A95A,816,C24,Stage IV,YES,No History of Primary Risk Factors,data_loss,data_empty,M1,NX,No,52,MALE,177,WHITE,Dead,77,T2,26,data_loss,data_empty
TCGA-YR-A95A,PJA1,chrX,69163004,69163004,A,A,G,1.315955638885498,1.2095483541488647,-1.116502285003662,-0.8417657017707825,0.9453822374343872,-1.3257546424865725,0.8137502670288086,-0.9052165746688844,Class_10,TCGA-YR-A95A,816,C24,Stage IV,YES,No History of Primary Risk Factors,data_loss,data_empty,M1,NX,No,52,MALE,177,WHITE,Dead,77,T2,26,data_loss,data_empty
TCGA-YR-A95A,CD37,chr19,49340449,49340449,G,G,C,0.5723584294319153,1.4077706336975098,-0.5771048069000244,-1.004242777824402,0.41342270374298096,-1.0316520929336548,1.0567283630371094,-0.8142820596694946,Class_1,TCGA-YR-A95A,816,C24,Stage IV,YES,No History of Primary Risk Factors,data_loss,data_empty,M1,NX,No,52,MALE,177,WHITE,Dead,77,T2,26,data_loss,data_empty
TCGA-3X-AAVB,BID,chr22,17740088,17740088,C,C,T,-1.6548004150390625,-1.4309136867523191,1.685145139694214,1.3614847660064695,-2.507788181304932,1.903086543083191,-1.3346095085144043,1.4216475486755369,Class_4,TCGA-3X-AAVB,816,C24,Stage IVB,NO,No History of Primary Risk Factors,None,data_empty,M1,N1,No,70,FEMALE,170,WHITE,Alive,76,T3,data_loss,368,data_empty
TCGA-YR-A95A,CPLX1,chr4,785558,785558,G,G,T,-2.01650071144104,-0.9393789768218994,1.6262061595916748,0.9800338149070741,-1.910634160041809,1.800628423690796,-1.0180532932281494,0.9149410724639891,Class_7,TCGA-YR-A95A,816,C24,Stage IV,YES,No History of Primary Risk Factors,data_loss,data_empty,M1,NX,No,52,MALE,177,WHITE,Dead,77,T2,26,data_loss,data_empty
TCGA-W5-AA2M,ATP13A2,chr1,16989918,16989918,A,A,G,1.1952183246612549,0.7250645756721497,-0.6902775764465332,-0.68150794506073,0.8440132141113281,-1.165459394454956,0.4153141975402832,-0.3210338354110718,Class_10,TCGA-W5-AA2M,816,C24,Stage IVB,NO,No History of Primary Risk Factors,None,data_empty,M1,N0,No,49,MALE,180,data_loss,Dead,79,T3,540,data_loss,data_empty
TCGA-W5-AA2M,ALG3,chr3,184242537,184242537,G,G,T,-2.140258312225342,-1.3119723796844482,2.01680588722229,1.2812561988830566,-2.0837631225585938,1.8633379936218264,-1.3177130222320557,1.397329807281494,Class_7,TCGA-W5-AA2M,816,C24,Stage IVB,NO,No History of Primary Risk Factors,None,data_empty,M1,N0,No,49,MALE,180,data_loss,Dead,79,T3,540,data_loss,data_empty
TCGA-YR-A95A,RP1,chr8,54629615,54629615,T,T,C,1.1185715198516846,1.4365473985671997,-0.830064058303833,-0.9031672477722168,1.603516697883606,-1.8084162473678589,0.5487484931945801,-0.341585636138916,Class_3,TCGA-YR-A95A,816,C24,Stage IV,YES,No History of Primary Risk Factors,data_loss,data_empty,M1,NX,No,52,MALE,177,WHITE,Dead,77,T2,26,data_loss,data_empty
TCGA-W5-AA2M,NOS1,chr12,117265384,117265384,C,C,T,-1.4173429012298584,-1.0941886901855469,1.3834552764892578,1.269777774810791,-2.360692024230957,1.677958369255066,-1.206263780593872,1.1718897819519043,Class_4,TCGA-W5-AA2M,816,C24,Stage IVB,NO,No History of Primary Risk Factors,None,data_empty,M1,N0,No,49,MALE,180,data_loss,Dead,79,T3,540,data_loss,data_empty
TCGA-3X-AAVC,KIAA1429,chr8,94527180,94527180,T,T,C,1.0971674919128418,1.5358018875122068,-1.0278831720352173,-0.9904662370681764,1.659324049949646,-1.861178994178772,0.8356776237487793,-0.5860525369644165,Class_3,TCGA-3X-AAVC,816,C24,Stage I,data_loss,Other,None,data_empty,M0,N0,No,72,FEMALE,159,WHITE,Alive,104,T1,data_loss,371,data_empty
TCGA-YR-A95A,RNF103,chr2,86604298,86604298,T,T,C,1.09981369972229,1.5949721336364746,-1.051095724105835,-1.0219205617904663,1.6609914302825928,-1.872724890708924,0.8905353546142578,-0.642703652381897,Class_3,TCGA-YR-A95A,816,C24,Stage IV,YES,No History of Primary Risk Factors,data_loss,data_empty,M1,NX,No,52,MALE,177,WHITE,Dead,77,T2,26,data_loss,data_empty
TCGA-3X-AAVC,ANGPT1,chr8,107303355,107303355,C,C,A,-0.7970120906829834,-0.42376744747161865,0.9774388670921326,1.3275892734527588,-1.9918447732925413,0.8531979322433472,-1.1513535976409912,1.293948531150818,Class_5,TCGA-3X-AAVC,816,C24,Stage I,data_loss,Other,None,data_empty,M0,N0,No,72,FEMALE,159,WHITE,Alive,104,T1,data_loss,371,data_empty
TCGA-W5-AA2X,ADAMTS16,chr5,5239815,5239815,T,T,A,-1.1300241947174072,-0.4342629909515381,1.0020222663879397,0.9772560000419616,-0.3707853555679321,0.2523779571056366,-1.2705092430114746,1.289973497390747,Class_3,TCGA-W5-AA2X,816,C24,Stage IVB,YES,No History of Primary Risk Factors,Micro,data_empty,M1,N1,No,67,MALE,167,WHITE,Dead,88,T2b,271,data_loss,data_empty
TCGA-W5-AA2M,IPO5,chr13,98002724,98002724,A,A,G,1.3565194606781006,1.1791951656341553,-1.0838344097137451,-0.7622184753417969,0.9902825951576232,-1.3225624561309814,0.6850857734680176,-0.7663770914077759,Class_10,TCGA-W5-AA2M,816,C24,Stage IVB,NO,No History of Primary Risk Factors,None,data_empty,M1,N0,No,49,MALE,180,data_loss,Dead,79,T3,540,data_loss,data_empty
TCGA-W5-AA2X,ZFHX4,chr8,76866654,76866654,A,A,T,-1.187230944633484,-1.259012222290039,1.2797746658325195,1.479489803314209,-1.3565698862075806,1.1163830757141109,-1.4528243541717532,1.4330787658691406,Class_9,TCGA-W5-AA2X,816,C24,Stage IVB,YES,No History of Primary Risk Factors,Micro,data_empty,M1,N1,No,67,MALE,167,WHITE,Dead,88,T2b,271,data_loss,data_empty
TCGA-3X-AAVC,KRTAP13-2,chr21,30371647,30371647,C,C,T,-1.4509212970733645,-1.3146746158599854,1.6236064434051514,1.4069879055023191,-2.476088523864746,1.7007968425750732,-1.4336552619934082,1.5546042919158936,Class_4,TCGA-3X-AAVC,816,C24,Stage I,data_loss,Other,None,data_empty,M0,N0,No,72,FEMALE,159,WHITE,Alive,104,T1,data_loss,371,data_empty
TCGA-W5-AA2X,GTF2IRD1,chr7,74512828,74512828,A,A,G,1.234048843383789,1.0410165786743164,-0.9527995586395264,-0.8153322339057922,0.9421663880348206,-1.269661545753479,0.7409839630126953,-0.7394071817398071,Class_10,TCGA-W5-AA2X,816,C24,Stage IVB,YES,No History of Primary Risk Factors,Micro,data_empty,M1,N1,No,67,MALE,167,WHITE,Dead,88,T2b,271,data_loss,data_empty
TCGA-3X-AAVB,FLNA,chrX,154367491,154367491,C,C,A,-0.9012474417686462,-0.5813426971435547,1.0566172599792478,1.419297456741333,-2.02998161315918,0.898996114730835,-1.297539234161377,1.4639016389846802,Class_5,TCGA-3X-AAVB,816,C24,Stage IVB,NO,No History of Primary Risk Factors,None,data_empty,M1,N1,No,70,FEMALE,170,WHITE,Alive,76,T3,data_loss,368,data_empty
TCGA-3X-AAVC,DNASE1L1,chrX,154403580,154403580,A,A,G,1.282184600830078,1.0640069246292114,-0.9933867454528807,-0.7834932208061218,0.9557345509529114,-1.2841689586639404,0.6878809928894043,-0.7163971662521362,Class_10,TCGA-3X-AAVC,816,C24,Stage I,data_loss,Other,None,data_empty,M0,N0,No,72,FEMALE,159,WHITE,Alive,104,T1,data_loss,371,data_empty
TCGA-W5-AA2X,MLK4,chr1,233354868,233354868,T,T,A,-0.959643006324768,-0.4478195905685425,1.0890610218048096,1.0926456451416016,-0.4335309267044067,0.14128872752189636,-1.3811168670654297,1.5469180345535278,Class_3,TCGA-W5-AA2X,816,C24,Stage IVB,YES,No History of Primary Risk Factors,Micro,data_empty,M1,N1,No,67,MALE,167,WHITE,Dead,88,T2b,271,data_loss,data_empty
TCGA-3X-AAVC,CCDC120,chrX,49062228,49062228,C,C,A,-0.8258789777755737,-0.5687985420227051,1.0462431907653809,1.3868954181671145,-1.9830979108810425,0.7548996210098267,-1.3648383617401123,1.5380219221115112,Class_5,TCGA-3X-AAVC,816,C24,Stage I,data_loss,Other,None,data_empty,M0,N0,No,72,FEMALE,159,WHITE,Alive,104,T1,data_loss,371,data_empty
TCGA-W7-A93P,LANCL2,chr7,55366163,55366163,G,G,T,-2.1117501258850098,-1.1726794242858891,1.8933813571929927,1.1878139972686768,-2.053906917572021,1.8830864429473884,-1.322432279586792,1.273414969444275,Class_7,TCGA-W7-A93P,816,C24,Stage IIB,data_loss,Diabetes mellitus,None,data_empty,MX,N0,No,data_loss,FEMALE,165,WHITE,Alive,93,T3,data_loss,1777,data_empty
TCGA-YR-A95A,ANKRD62,chr18,12125726,12125726,C,C,A,-0.8743308782577515,-0.5131175518035889,1.0486917495727541,1.3910982608795166,-2.0510082244873047,0.8735877275466919,-1.2545864582061768,1.4087634086608891,Class_5,TCGA-YR-A95A,816,C24,Stage IV,YES,No History of Primary Risk Factors,data_loss,data_empty,M1,NX,No,52,MALE,177,WHITE,Dead,77,T2,26,data_loss,data_empty
TCGA-YR-A95A,MXD1,chr2,69939551,69939551,A,A,G,1.0842165946960451,0.9620736241340636,-0.9713206291198728,-0.8200276494026184,0.902777373790741,-1.1183254718780518,0.7469754219055176,-0.7811099290847778,Class_10,TCGA-YR-A95A,816,C24,Stage IV,YES,No History of Primary Risk Factors,data_loss,data_empty,M1,NX,No,52,MALE,177,WHITE,Dead,77,T2,26,data_loss,data_empty
TCGA-W7-A93P,NCOR2,chr12,124354923,124354923,A,A,C,1.7418248653411863,1.7347909212112431,-1.5191185474395752,-0.8393605351448059,1.2757569551467896,-2.0547752380371094,0.8896212577819824,-0.7742584943771362,Class_6,TCGA-W7-A93P,816,C24,Stage IIB,data_loss,Diabetes mellitus,None,data_empty,MX,N0,No,data_loss,FEMALE,165,WHITE,Alive,93,T3,data_loss,1777,data_empty
TCGA-3X-AAVC,FAM184A,chr6,118974491,118974491,A,A,G,1.277684450149536,1.1667559146881104,-1.1017849445343018,-0.8615898489952087,0.9550976753234864,-1.2728753089904783,0.8596582412719727,-0.9286502599716188,Class_10,TCGA-3X-AAVC,816,C24,Stage I,data_loss,Other,None,data_empty,M0,N0,No,72,FEMALE,159,WHITE,Alive,104,T1,data_loss,371,data_empty
TCGA-3X-AAVC,ARMC9,chr2,231360835,231360835,G,G,A,-1.4016492366790771,-0.05045127868652344,0.9004778265953064,0.698559582233429,-1.4293824434280396,0.994004249572754,-0.6337134838104248,0.5892993211746216,Class_8,TCGA-3X-AAVC,816,C24,Stage I,data_loss,Other,None,data_empty,M0,N0,No,72,FEMALE,159,WHITE,Alive,104,T1,data_loss,371,data_empty
TCGA-W7-A93P,XIRP2,chr2,167246944,167246944,C,C,A,-0.9185983538627625,-0.4139424562454224,0.8529390692710876,1.1665561199188232,-1.9412223100662231,0.8575408458709717,-0.9169712066650392,1.0617547035217283,Class_5,TCGA-W7-A93P,816,C24,Stage IIB,data_loss,Diabetes mellitus,None,data_empty,MX,N0,No,data_loss,FEMALE,165,WHITE,Alive,93,T3,data_loss,1777,data_empty
TCGA-3X-AAVB,CERCAM,chr9,128437172,128437172,G,G,T,-2.277588367462158,-1.2204220294952393,1.8406424522399905,1.0558578968048096,-1.99712336063385,1.983949422836304,-1.0465078353881836,0.9965392351150512,Class_7,TCGA-3X-AAVB,816,C24,Stage IVB,NO,No History of Primary Risk Factors,None,data_empty,M1,N1,No,70,FEMALE,170,WHITE,Alive,76,T3,data_loss,368,data_empty
TCGA-W5-AA2M,FOLR1,chr11,72195389,72195389,G,G,C,0.6650103926658629,1.5998600721359253,-0.6898545026779175,-0.9852287769317628,0.44136595726013184,-1.0874698162078855,1.1013822555541992,-0.9217404127120972,Class_1,TCGA-W5-AA2M,816,C24,Stage IVB,NO,No History of Primary Risk Factors,None,data_empty,M1,N0,No,49,MALE,180,data_loss,Dead,79,T3,540,data_loss,data_empty
TCGA-3X-AAVC,TAF2,chr8,119783551,119783551,T,T,C,1.1214828491210938,1.4333597421646118,-0.7876598238945007,-0.8571203351020813,1.5958476066589355,-1.868029236793518,0.5692529678344727,-0.3320988416671753,Class_3,TCGA-3X-AAVC,816,C24,Stage I,data_loss,Other,None,data_empty,M0,N0,No,72,FEMALE,159,WHITE,Alive,104,T1,data_loss,371,data_empty
TCGA-3X-AAVB,NEURL4,chr17,7329120,7329120,G,G,A,-1.4729446172714231,-0.4672452211380005,1.3102140426635742,0.975102961063385,-1.5300995111465454,1.0304945707321167,-0.9944934844970704,1.1628234386444092,Class_8,TCGA-3X-AAVB,816,C24,Stage IVB,NO,No History of Primary Risk Factors,None,data_empty,M1,N1,No,70,FEMALE,170,WHITE,Alive,76,T3,data_loss,368,data_empty
TCGA-W5-AA2X,HELQ,chr4,83416801,83416801,G,G,A,-1.3270373344421391,-0.30339598655700684,1.1933729648590088,1.0045402050018308,-1.4926053285598757,0.9237223863601683,-1.057713270187378,1.202911138534546,Class_8,TCGA-W5-AA2X,816,C24,Stage IVB,YES,No History of Primary Risk Factors,Micro,data_empty,M1,N1,No,67,MALE,167,WHITE,Dead,88,T2b,271,data_loss,data_empty
TCGA-W5-AA2M,KCTD13,chr16,29911994,29911994,C,C,T,-1.3819104433059692,-1.0122823715209959,1.3118019104003906,1.1815378665924072,-2.3110332489013667,1.555565357208252,-1.0446412563323977,1.0737892389297483,Class_4,TCGA-W5-AA2M,816,C24,Stage IVB,NO,No History of Primary Risk Factors,None,data_empty,M1,N0,No,49,MALE,180,data_loss,Dead,79,T3,540,data_loss,data_empty
TCGA-3X-AAVC,L1CAM,chrX,153884242,153884242,G,G,A,-1.3675799369812012,-0.17500019073486328,1.0533900260925293,0.8890536427497864,-1.4597784280776978,0.8960771560668945,-0.9011895656585692,0.957611620426178,Class_8,TCGA-3X-AAVC,816,C24,Stage I,data_loss,Other,None,data_empty,M0,N0,No,72,FEMALE,159,WHITE,Alive,104,T1,data_loss,371,data_empty
TCGA-3X-AAVC,GOLGA6L6,chr15,20535018,20535018,C,C,T,-1.4843287467956543,-1.0949649810791016,1.357616901397705,1.2687115669250488,-2.432319164276123,1.7689669132232666,-1.1767730712890625,1.1262526512145996,Class_4,TCGA-3X-AAVC,816,C24,Stage I,data_loss,Other,None,data_empty,M0,N0,No,72,FEMALE,159,WHITE,Alive,104,T1,data_loss,371,data_empty
TCGA-W5-AA2X,MARCO,chr2,118981468,118981468,C,C,A,-0.6372058391571045,-0.08109593391418457,0.6130871176719666,1.1464793682098389,-1.83856999874115,0.5790711641311646,-0.9315800666809082,0.996979296207428,Class_5,TCGA-W5-AA2X,816,C24,Stage IVB,YES,No History of Primary Risk Factors,Micro,data_empty,M1,N1,No,67,MALE,167,WHITE,Dead,88,T2b,271,data_loss,data_empty
TCGA-W5-AA2X,NUP153,chr6,17615772,17615772,A,A,T,-1.127958059310913,-1.2377943992614746,1.2989294528961182,1.481687307357788,-1.3743952512741089,1.1493079662322998,-1.5752298831939695,1.4550338983535769,Class_9,TCGA-W5-AA2X,816,C24,Stage IVB,YES,No History of Primary Risk Factors,Micro,data_empty,M1,N1,No,67,MALE,167,WHITE,Dead,88,T2b,271,data_loss,data_empty
TCGA-3X-AAVC,USP21,chr1,161160651,161160651,C,C,T,-1.5298484563827517,-1.065075159072876,1.3404910564422607,1.1927995681762695,-2.4278125762939453,1.766274333000183,-0.9983060359954834,0.9803491830825806,Class_4,TCGA-3X-AAVC,816,C24,Stage I,data_loss,Other,None,data_empty,M0,N0,No,72,FEMALE,159,WHITE,Alive,104,T1,data_loss,371,data_empty
TCGA-3X-AAVB,TSPEAR,chr21,44508906,44508906,C,C,T,-1.5989220142364502,-1.1940486431121826,1.4510974884033203,1.2326395511627195,-2.462064266204834,1.8324357271194456,-1.1020972728729248,1.0790085792541504,Class_4,TCGA-3X-AAVB,816,C24,Stage IVB,NO,No History of Primary Risk Factors,None,data_empty,M1,N1,No,70,FEMALE,170,WHITE,Alive,76,T3,data_loss,368,data_empty
TCGA-3X-AAVC,NISCH,chr3,52476535,52476535,C,C,T,-1.4843825101852417,-1.292677640914917,1.5923991203308103,1.3166635036468506,-2.4910573959350586,1.6097038984298706,-1.319108963012695,1.5006003379821775,Class_4,TCGA-3X-AAVC,816,C24,Stage I,data_loss,Other,None,data_empty,M0,N0,No,72,FEMALE,159,WHITE,Alive,104,T1,data_loss,371,data_empty
TCGA-3X-AAVB,ZFP3,chr17,5095757,5095757,A,A,G,1.1664743423461914,1.0242455005645752,-0.965020477771759,-0.8342740535736084,0.9220557212829592,-1.1593858003616333,0.7346248626708984,-0.7942734956741333,Class_10,TCGA-3X-AAVB,816,C24,Stage IVB,NO,No History of Primary Risk Factors,None,data_empty,M1,N1,No,70,FEMALE,170,WHITE,Alive,76,T3,data_loss,368,data_empty
TCGA-3X-AAVB,C1orf198,chr1,230838516,230838516,A,A,T,-1.118138074874878,-1.5675859451293943,1.6500699520111084,1.7375671863555908,-1.4868091344833374,1.2074460983276367,-2.0203752517700195,2.0385994911193848,Class_9,TCGA-3X-AAVB,816,C24,Stage IVB,NO,No History of Primary Risk Factors,None,data_empty,M1,N1,No,70,FEMALE,170,WHITE,Alive,76,T3,data_loss,368,data_empty
TCGA-W5-AA2M,OSBPL3,chr7,24799639,24799639,A,A,G,1.0677437782287598,0.6057764291763306,-0.5602878928184509,-0.6543530821800232,0.8129823803901672,-1.1171269416809082,0.4414238929748535,-0.2867302894592285,Class_10,TCGA-W5-AA2M,816,C24,Stage IVB,NO,No History of Primary Risk Factors,None,data_empty,M1,N0,No,49,MALE,180,data_loss,Dead,79,T3,540,data_loss,data_empty
TCGA-W5-AA2X,ELN,chr7,74060021,74060021,C,C,A,-0.6357627511024475,-0.1285651922225952,0.6636518836021423,1.1883678436279297,-1.8271697759628296,0.6650400161743164,-1.0084908008575442,1.0293023586273191,Class_5,TCGA-W5-AA2X,816,C24,Stage IVB,YES,No History of Primary Risk Factors,Micro,data_empty,M1,N1,No,67,MALE,167,WHITE,Dead,88,T2b,271,data_loss,data_empty
TCGA-YR-A95A,MAN1B1,chr9,137103951,137103951,G,G,T,-2.1549344062805176,-1.0903341770172121,1.7737758159637451,1.0714917182922363,-1.9889982938766482,1.86016845703125,-1.035017728805542,1.0447256565093994,Class_7,TCGA-YR-A95A,816,C24,Stage IV,YES,No History of Primary Risk Factors,data_loss,data_empty,M1,NX,No,52,MALE,177,WHITE,Dead,77,T2,26,data_loss,data_empty
TCGA-3X-AAVC,KIF1B,chr1,10374934,10374934,G,G,A,-1.3560932874679563,-0.17396438121795654,0.9802154898643494,0.8196943402290344,-1.404973387718201,0.8833966255187988,-0.8335914611816406,0.8799535036087036,Class_8,TCGA-3X-AAVC,816,C24,Stage I,data_loss,Other,None,data_empty,M0,N0,No,72,FEMALE,159,WHITE,Alive,104,T1,data_loss,371,data_empty
TCGA-W5-AA2X,AK3,chr9,4740952,4740952,T,T,C,1.1444878578186035,1.5731791257858276,-0.9468529224395752,-0.9805244207382202,1.6029874086380005,-1.894122004508972,0.7319693565368652,-0.50812828540802,Class_3,TCGA-W5-AA2X,816,C24,Stage IVB,YES,No History of Primary Risk Factors,Micro,data_empty,M1,N1,No,67,MALE,167,WHITE,Dead,88,T2b,271,data_loss,data_empty
TCGA-W7-A93P,RALGPS1,chr9,127219299,127219299,A,A,G,1.3147578239440918,0.8189131617546082,-0.7343770861625671,-0.6029214859008789,0.8992064595222473,-1.2864789962768557,0.3715853691101074,-0.24457943439483645,Class_10,TCGA-W7-A93P,816,C24,Stage IIB,data_loss,Diabetes mellitus,None,data_empty,MX,N0,No,data_loss,FEMALE,165,WHITE,Alive,93,T3,data_loss,1777,data_empty
TCGA-3X-AAVB,ANKRD34A,chr1,145961164,145961164,A,A,C,1.7112658023834229,1.5524663925170898,-1.2480884790420532,-0.718697190284729,1.2325572967529297,-2.0216434001922607,0.6007809638977051,-0.4820255041122437,Class_6,TCGA-3X-AAVB,816,C24,Stage IVB,NO,No History of Primary Risk Factors,None,data_empty,M1,N1,No,70,FEMALE,170,WHITE,Alive,76,T3,data_loss,368,data_empty
TCGA-W5-AA2X,PHKA1,chrX,72712853,72712853,A,A,G,1.2177836894989014,1.1802306175231934,-1.0732297897338867,-0.8866773247718811,0.9356502890586852,-1.2556356191635132,0.929408073425293,-0.9824997186660768,Class_10,TCGA-W5-AA2X,816,C24,Stage IVB,YES,No History of Primary Risk Factors,Micro,data_empty,M1,N1,No,67,MALE,167,WHITE,Dead,88,T2b,271,data_loss,data_empty
TCGA-W5-AA2M,NBEAL1,chr2,203110174,203110174,T,T,C,1.083277702331543,1.6787707805633545,-1.1697115898132324,-1.0009235143661501,1.6355432271957395,-1.8001604080200195,0.9855494499206544,-0.8419982194900513,Class_3,TCGA-W5-AA2M,816,C24,Stage IVB,NO,No History of Primary Risk Factors,None,data_empty,M1,N0,No,49,MALE,180,data_loss,Dead,79,T3,540,data_loss,data_empty
TCGA-W5-AA2X,FILIP1L,chr3,99850023,99850023,G,G,C,0.9004947543144226,1.8825865983963013,-0.995335578918457,-1.0118566751480105,0.5297093391418457,-1.2922863960266109,1.1944632530212402,-1.0409101247787476,Class_1,TCGA-W5-AA2X,816,C24,Stage IVB,YES,No History of Primary Risk Factors,Micro,data_empty,M1,N1,No,67,MALE,167,WHITE,Dead,88,T2b,271,data_loss,data_empty
TCGA-W5-AA2M,DNAJC5B,chr8,66080377,66080377,G,G,A,-1.4801268577575684,-0.25567972660064703,1.1081585884094238,0.8595148921012878,-1.4469581842422483,1.0546195507049558,-0.8335862159729004,0.8767606019973755,Class_8,TCGA-W5-AA2M,816,C24,Stage IVB,NO,No History of Primary Risk Factors,None,data_empty,M1,N0,No,49,MALE,180,data_loss,Dead,79,T3,540,data_loss,data_empty
TCGA-W5-AA2X,NPR2,chr9,35802533,35802533,C,C,T,-1.6043592691421509,-1.400846242904663,1.699866533279419,1.3541648387908936,-2.5129404067993164,1.824307560920716,-1.303992748260498,1.4282712936401367,Class_4,TCGA-W5-AA2X,816,C24,Stage IVB,YES,No History of Primary Risk Factors,Micro,data_empty,M1,N1,No,67,MALE,167,WHITE,Dead,88,T2b,271,data_loss,data_empty
TCGA-W5-AA2M,SERPINA12,chr14,94498182,94498182,G,G,C,0.8622800707817078,1.579743266105652,-0.6861280798912048,-0.7094588279724121,0.4396474361419678,-1.2971482276916504,0.7654662132263184,-0.4972096681594849,Class_1,TCGA-W5-AA2M,816,C24,Stage IVB,NO,No History of Primary Risk Factors,None,data_empty,M1,N0,No,49,MALE,180,data_loss,Dead,79,T3,540,data_loss,data_empty
TCGA-3X-AAVB,CKS1B,chr1,154978094,154978094,A,A,T,-0.9667770862579346,-1.0454304218292236,1.1127920150756836,1.414914608001709,-1.2796610593795776,0.9628968238830566,-1.4462385177612305,1.3560500144958496,Class_9,TCGA-3X-AAVB,816,C24,Stage IVB,NO,No History of Primary Risk Factors,None,data_empty,M1,N1,No,70,FEMALE,170,WHITE,Alive,76,T3,data_loss,368,data_empty
TCGA-W5-AA2X,SYNJ1,chr21,32688354,32688354,C,C,T,-1.4235174655914309,-1.2026312351226809,1.5312714576721191,1.330052137374878,-2.453314781188965,1.6844182014465332,-1.3397548198699951,1.4245991706848145,Class_4,TCGA-W5-AA2X,816,C24,Stage IVB,YES,No History of Primary Risk Factors,Micro,data_empty,M1,N1,No,67,MALE,167,WHITE,Dead,88,T2b,271,data_loss,data_empty
TCGA-YR-A95A,ZMIZ2,chr7,44769461,44769461,C,C,T,-1.4909818172454834,-1.1337711811065674,1.4164681434631348,1.2689034938812256,-2.366546630859375,1.7603962421417236,-1.2336161136627195,1.1506192684173584,Class_4,TCGA-YR-A95A,816,C24,Stage IV,YES,No History of Primary Risk Factors,data_loss,data_empty,M1,NX,No,52,MALE,177,WHITE,Dead,77,T2,26,data_loss,data_empty
TCGA-3X-AAVC,ICAM1,chr19,10274933,10274933,A,A,G,1.114234209060669,0.6463981866836548,-0.711487352848053,-0.6301246285438538,0.8454588651657104,-1.0717490911483765,0.410029411315918,-0.3449012041091919,Class_10,TCGA-3X-AAVC,816,C24,Stage I,data_loss,Other,None,data_empty,M0,N0,No,72,FEMALE,159,WHITE,Alive,104,T1,data_loss,371,data_empty
TCGA-3X-AAVC,OR9I1,chr11,58118721,58118721,C,C,T,-1.5255274772644043,-1.0285758972167969,1.2990176677703855,1.2141542434692385,-2.427342414855957,1.7941747903823853,-1.0932400226593018,1.0001428127288818,Class_4,TCGA-3X-AAVC,816,C24,Stage I,data_loss,Other,None,data_empty,M0,N0,No,72,FEMALE,159,WHITE,Alive,104,T1,data_loss,371,data_empty
TCGA-3X-AAVC,LDOC1,chrX,141176497,141176497,C,C,T,-1.4582244157791138,-1.0924992561340332,1.3705322742462158,1.2746858596801758,-2.406167507171631,1.6801366806030271,-1.1790635585784912,1.1961236000061035,Class_4,TCGA-3X-AAVC,816,C24,Stage I,data_loss,Other,None,data_empty,M0,N0,No,72,FEMALE,159,WHITE,Alive,104,T1,data_loss,371,data_empty
TCGA-W5-AA2M,MAP3K5,chr6,136605277,136605277,T,T,C,1.0632956027984621,1.3318445682525637,-0.8062186241149902,-0.8518235087394714,1.5478496551513672,-1.7949750423431396,0.5627913475036621,-0.3096145391464233,Class_3,TCGA-W5-AA2M,816,C24,Stage IVB,NO,No History of Primary Risk Factors,None,data_empty,M1,N0,No,49,MALE,180,data_loss,Dead,79,T3,540,data_loss,data_empty
TCGA-W5-AA2X,IGHV3-52,chr14,106586510,106586510,G,G,A,-1.4348001480102541,-0.20215380191802976,1.0107340812683103,0.8193826079368591,-1.4572330713272097,1.0204166173934937,-0.8250718116760254,0.8255478143692017,Class_8,TCGA-W5-AA2X,816,C24,Stage IVB,YES,No History of Primary Risk Factors,Micro,data_empty,M1,N1,No,67,MALE,167,WHITE,Dead,88,T2b,271,data_loss,data_empty
TCGA-W7-A93N,NAA10,chrX,153930042,153930042,G,G,T,-2.163240909576416,-1.1040301322937012,1.754629611968994,1.0918855667114258,-1.9886404275894165,1.9363116025924685,-1.0415253639221191,1.021442413330078,Class_7,TCGA-W7-A93N,816,C24,Stage IIB,YES,Smoking,Micro,data_empty,MX,N1,No,data_loss,MALE,183,WHITE,Alive,83,T3,data_loss,1441,data_empty
TCGA-3X-AAVB,RAN,chr12,130874580,130874580,G,G,A,-1.3476678133010864,-0.19812917709350586,1.0696353912353516,0.9165201783180236,-1.4487391710281372,0.8788638114929199,-0.9051861763000488,0.9933608770370485,Class_8,TCGA-3X-AAVB,816,C24,Stage IVB,NO,No History of Primary Risk Factors,None,data_empty,M1,N1,No,70,FEMALE,170,WHITE,Alive,76,T3,data_loss,368,data_empty
TCGA-3X-AAVC,COL6A3,chr2,237387810,237387810,T,T,C,1.1833314895629885,1.4676921367645264,-0.8518257141113281,-0.8998479843139648,1.6456953287124634,-1.9239228963851929,0.564939022064209,-0.30079662799835205,Class_3,TCGA-3X-AAVC,816,C24,Stage I,data_loss,Other,None,data_empty,M0,N0,No,72,FEMALE,159,WHITE,Alive,104,T1,data_loss,371,data_empty
TCGA-YR-A95A,IDH1,chr2,208248389,208248389,G,G,A,-1.3494346141815186,-0.13251113891601562,0.999220073223114,0.9051657319068908,-1.4431215524673462,0.9370826482772828,-0.923048734664917,0.9130505323410034,Class_8,TCGA-YR-A95A,816,C24,Stage IV,YES,No History of Primary Risk Factors,data_loss,data_empty,M1,NX,No,52,MALE,177,WHITE,Dead,77,T2,26,data_loss,data_empty
TCGA-3X-AAVC,HRNR,chr1,152219317,152219317,C,C,G,0.7185482382774353,0.7692883610725403,-0.4335047602653504,-0.7005288600921631,-0.3584612607955933,-0.4963398277759552,0.7313427925109863,-0.6201740503311157,Class_4,TCGA-3X-AAVC,816,C24,Stage I,data_loss,Other,None,data_empty,M0,N0,No,72,FEMALE,159,WHITE,Alive,104,T1,data_loss,371,data_empty
TCGA-W5-AA2X,TP53TG3D,chr16,32254910,32254910,C,C,A,-0.9237008094787598,-0.39448904991149897,0.8884322047233582,1.22107195854187,-1.9643176794052124,0.9266215562820436,-1.0680079460144043,1.1257965564727783,Class_5,TCGA-W5-AA2X,816,C24,Stage IVB,YES,No History of Primary Risk Factors,Micro,data_empty,M1,N1,No,67,MALE,167,WHITE,Dead,88,T2b,271,data_loss,data_empty
TCGA-YR-A95A,EPC1,chr10,32287260,32287260,A,A,T,-1.2568949460983276,-1.421701192855835,1.4502325057983398,1.5676352977752686,-1.39625346660614,1.145330786705017,-1.6363859176635742,1.6542047262191772,Class_9,TCGA-YR-A95A,816,C24,Stage IV,YES,No History of Primary Risk Factors,data_loss,data_empty,M1,NX,No,52,MALE,177,WHITE,Dead,77,T2,26,data_loss,data_empty
TCGA-3X-AAVC,SPTB,chr14,64766645,64766645,C,C,T,-1.3696329593658447,-1.1254916191101074,1.479813814163208,1.3633358478546145,-2.446280002593994,1.5848428010940552,-1.3077094554901123,1.391613483428955,Class_4,TCGA-3X-AAVC,816,C24,Stage I,data_loss,Other,None,data_empty,M0,N0,No,72,FEMALE,159,WHITE,Alive,104,T1,data_loss,371,data_empty
TCGA-YR-A95A,MRVI1,chr11,10576396,10576396,G,G,A,-1.306459665298462,-0.062018275260925286,0.8802536129951477,0.7774394154548645,-1.4008082151412964,0.8988800048828125,-0.7777879238128662,0.7583833932876587,Class_8,TCGA-YR-A95A,816,C24,Stage IV,YES,No History of Primary Risk Factors,data_loss,data_empty,M1,NX,No,52,MALE,177,WHITE,Dead,77,T2,26,data_loss,data_empty
TCGA-W5-AA2X,PTPRO,chr12,15546535,15546535,A,A,G,1.260688066482544,0.6793208718299866,-0.6585964560508728,-0.5562620759010315,0.8466020822525024,-1.151178002357483,0.2482805252075196,-0.13954389095306394,Class_10,TCGA-W5-AA2X,816,C24,Stage IVB,YES,No History of Primary Risk Factors,Micro,data_empty,M1,N1,No,67,MALE,167,WHITE,Dead,88,T2b,271,data_loss,data_empty
TCGA-W7-A93P,RND2,chr17,43025378,43025378,G,G,T,-2.0053598880767822,-1.000859022140503,1.6891098022460938,1.0613443851470947,-1.9330536127090447,1.67842698097229,-1.0728952884674072,1.0874696969985962,Class_7,TCGA-W7-A93P,816,C24,Stage IIB,data_loss,Diabetes mellitus,None,data_empty,MX,N0,No,data_loss,FEMALE,165,WHITE,Alive,93,T3,data_loss,1777,data_empty
TCGA-W5-AA2X,KPNA7,chr7,99178034,99178034,C,C,T,-1.4200842380523682,-1.2218220233917236,1.546865940093994,1.4506452083587646,-2.488837242126465,1.5895304679870603,-1.4247407913208008,1.5489888191223145,Class_4,TCGA-W5-AA2X,816,C24,Stage IVB,YES,No History of Primary Risk Factors,Micro,data_empty,M1,N1,No,67,MALE,167,WHITE,Dead,88,T2b,271,data_loss,data_empty
TCGA-W5-AA2X,ZNF800,chr7,127371092,127371092,T,T,C,0.9832949042320251,1.2594156265258791,-0.7055145502090454,-0.8782107830047607,1.5233033895492554,-1.698740839958191,0.6198692321777344,-0.3417283296585083,Class_3,TCGA-W5-AA2X,816,C24,Stage IVB,YES,No History of Primary Risk Factors,Micro,data_empty,M1,N1,No,67,MALE,167,WHITE,Dead,88,T2b,271,data_loss,data_empty
TCGA-3X-AAVB,DSG4,chr18,31376891,31376891,G,G,A,-1.3880605697631836,-0.22110068798065186,0.9854617714881896,0.8576146960258484,-1.4112886190414429,0.9619581699371338,-0.8443543910980225,0.894862174987793,Class_8,TCGA-3X-AAVB,816,C24,Stage IVB,NO,No History of Primary Risk Factors,None,data_empty,M1,N1,No,70,FEMALE,170,WHITE,Alive,76,T3,data_loss,368,data_empty
TCGA-W5-AA2X,XPNPEP1,chr10,109915095,109915095,T,T,A,-1.155871868133545,-0.7727434635162354,1.368006706237793,1.167306661605835,-0.4771901369094849,0.397554874420166,-1.5502710342407229,1.6952676773071291,Class_3,TCGA-W5-AA2X,816,C24,Stage IVB,YES,No History of Primary Risk Factors,Micro,data_empty,M1,N1,No,67,MALE,167,WHITE,Dead,88,T2b,271,data_loss,data_empty
TCGA-3X-AAVC,TP53,chr17,7674241,7674241,G,G,A,-1.4738600254058838,-0.2681879997253418,1.1143484115600586,0.8823366761207581,-1.4850643873214722,1.035471796989441,-0.8498308658599854,0.9343669414520264,Class_8,TCGA-3X-AAVC,816,C24,Stage I,data_loss,Other,None,data_empty,M0,N0,No,72,FEMALE,159,WHITE,Alive,104,T1,data_loss,371,data_empty
TCGA-YR-A95A,GBP4,chr1,89185314,89185314,A,A,T,-1.208707332611084,-1.372706651687622,1.379880428314209,1.55649733543396,-1.384043574333191,1.121334671974182,-1.5827255249023438,1.5605117082595823,Class_9,TCGA-YR-A95A,816,C24,Stage IV,YES,No History of Primary Risk Factors,data_loss,data_empty,M1,NX,No,52,MALE,177,WHITE,Dead,77,T2,26,data_loss,data_empty
TCGA-3X-AAVC,NAV1,chr1,201648921,201648921,C,C,G,0.8198124766349792,1.0136356353759766,-0.6897506713867188,-0.8620290756225586,-0.2769275903701782,-0.5834310054779053,0.9406180381774902,-0.924341320991516,Class_4,TCGA-3X-AAVC,816,C24,Stage I,data_loss,Other,None,data_empty,M0,N0,No,72,FEMALE,159,WHITE,Alive,104,T1,data_loss,371,data_empty
TCGA-3X-AAVC,ANO3,chr11,26525657,26525657,G,G,A,-1.3853156566619873,-0.2242598533630371,1.0438547134399414,0.8488327860832214,-1.4036096334457395,0.927194118499756,-0.8705372810363771,0.9342269301414492,Class_8,TCGA-3X-AAVC,816,C24,Stage I,data_loss,Other,None,data_empty,M0,N0,No,72,FEMALE,159,WHITE,Alive,104,T1,data_loss,371,data_empty
TCGA-W5-AA2X,DNAH5,chr5,13865795,13865795,T,T,A,-1.199037790298462,-0.8186044692993164,1.4084925651550293,1.3113207817077637,-0.5542765855789185,0.35300010442733765,-1.5427768230438232,1.8274649381637569,Class_3,TCGA-W5-AA2X,816,C24,Stage IVB,YES,No History of Primary Risk Factors,Micro,data_empty,M1,N1,No,67,MALE,167,WHITE,Dead,88,T2b,271,data_loss,data_empty
TCGA-3X-AAVC,UNC13C,chr15,54264296,54264296,T,T,C,0.9366506934165956,1.41762375831604,-0.883456826210022,-0.9405637979507446,1.575183629989624,-1.7030184268951416,0.8041086196899414,-0.5824533700942993,Class_3,TCGA-3X-AAVC,816,C24,Stage I,data_loss,Other,None,data_empty,M0,N0,No,72,FEMALE,159,WHITE,Alive,104,T1,data_loss,371,data_empty
TCGA-YR-A95A,MPPED1,chr22,43474750,43474750,G,G,A,-1.3388586044311523,-0.20293974876403809,1.063196897506714,0.8967972397804259,-1.4574185609817505,0.8704742193222046,-0.8956871032714844,0.9868437051773072,Class_8,TCGA-YR-A95A,816,C24,Stage IV,YES,No History of Primary Risk Factors,data_loss,data_empty,M1,NX,No,52,MALE,177,WHITE,Dead,77,T2,26,data_loss,data_empty
TCGA-W7-A93P,PRKAR1A,chr17,68531748,68531748,T,T,C,1.1576590538024902,1.6971778869628906,-1.1253328323364258,-1.0051857233047483,1.682730197906494,-1.8273652791976929,0.8096942901611328,-0.7233327627182007,Class_3,TCGA-W7-A93P,816,C24,Stage IIB,data_loss,Diabetes mellitus,None,data_empty,MX,N0,No,data_loss,FEMALE,165,WHITE,Alive,93,T3,data_loss,1777,data_empty
TCGA-3X-AAVC,HSPBAP1,chr3,122740615,122740615,G,G,A,-1.396012783050537,-0.22084736824035645,1.0619158744812012,0.8957777619361877,-1.4080675840377808,1.01693856716156,-0.9543468952178956,0.9305820465087892,Class_8,TCGA-3X-AAVC,816,C24,Stage I,data_loss,Other,None,data_empty,M0,N0,No,72,FEMALE,159,WHITE,Alive,104,T1,data_loss,371,data_empty
TCGA-W5-AA2X,ZSCAN16,chr6,28126831,28126831,C,C,A,-0.5429148674011229,0.09392333030700684,0.4682096838951111,1.1059648990631104,-1.8039873838424685,0.6329652070999146,-0.8425252437591553,0.8111766576766968,Class_5,TCGA-W5-AA2X,816,C24,Stage IVB,YES,No History of Primary Risk Factors,Micro,data_empty,M1,N1,No,67,MALE,167,WHITE,Dead,88,T2b,271,data_loss,data_empty
TCGA-YR-A95A,LNX1,chr4,53558127,53558127,G,G,A,-1.5074379444122314,-0.3438150882720947,1.1400184631347656,0.8526893258094788,-1.4409993886947632,1.0290086269378662,-0.8969397544860841,0.9360664486885072,Class_8,TCGA-YR-A95A,816,C24,Stage IV,YES,No History of Primary Risk Factors,data_loss,data_empty,M1,NX,No,52,MALE,177,WHITE,Dead,77,T2,26,data_loss,data_empty
TCGA-YR-A95A,MARK3,chr14,103503490,103503490,G,G,A,-1.3266959190368652,-0.10252523422241212,0.947371542453766,0.7691453099250793,-1.41761314868927,0.8343937397003174,-0.7381560802459717,0.8223416805267334,Class_8,TCGA-YR-A95A,816,C24,Stage IV,YES,No History of Primary Risk Factors,data_loss,data_empty,M1,NX,No,52,MALE,177,WHITE,Dead,77,T2,26,data_loss,data_empty
TCGA-3X-AAVB,KMT2C,chr7,152194129,152194129,C,C,G,0.7058878540992737,0.7687872648239136,-0.4967948496341705,-0.7606263160705566,-0.3681360483169556,-0.4722078740596771,0.7739858627319336,-0.6882621049880981,Class_4,TCGA-3X-AAVB,816,C24,Stage IVB,NO,No History of Primary Risk Factors,None,data_empty,M1,N1,No,70,FEMALE,170,WHITE,Alive,76,T3,data_loss,368,data_empty
TCGA-3X-AAVB,CDH7,chr18,65843848,65843848,C,C,T,-1.4707878828048706,-1.3317692279815674,1.629589319229126,1.3830797672271729,-2.4720559120178223,1.711811065673828,-1.4114809036254885,1.5250452756881714,Class_4,TCGA-3X-AAVB,816,C24,Stage IVB,NO,No History of Primary Risk Factors,None,data_empty,M1,N1,No,70,FEMALE,170,WHITE,Alive,76,T3,data_loss,368,data_empty
TCGA-W5-AA2X,SND1,chr7,128084724,128084724,G,G,A,-1.5279529094696045,-0.2779923677444458,1.1001408100128174,0.8219539523124695,-1.4566549062728882,1.1042916774749756,-0.8153119087219238,0.8169830441474915,Class_8,TCGA-W5-AA2X,816,C24,Stage IVB,YES,No History of Primary Risk Factors,Micro,data_empty,M1,N1,No,67,MALE,167,WHITE,Dead,88,T2b,271,data_loss,data_empty
TCGA-3X-AAVC,IFNL3,chr19,39243645,39243645,T,T,C,0.9427616000175476,1.6202894449234009,-1.1044458150863647,-1.1943117380142212,1.7243162393569946,-1.8058327436447144,1.1074724197387695,-0.9008361101150512,Class_3,TCGA-3X-AAVC,816,C24,Stage I,data_loss,Other,None,data_empty,M0,N0,No,72,FEMALE,159,WHITE,Alive,104,T1,data_loss,371,data_empty
TCGA-3X-AAVC,B3GNT2,chr2,62222230,62222230,G,G,C,0.6486944556236267,1.422193169593811,-0.5599729418754578,-0.8760323524475098,0.4296199083328247,-1.032426834106445,0.8618159294128418,-0.6473392248153687,Class_1,TCGA-3X-AAVC,816,C24,Stage I,data_loss,Other,None,data_empty,M0,N0,No,72,FEMALE,159,WHITE,Alive,104,T1,data_loss,371,data_empty
TCGA-3X-AAVC,HEY2,chr6,125759897,125759897,G,G,A,-1.3255019187927246,-0.032709479331970215,0.8580682873725891,0.7743834853172302,-1.4167228937149048,0.933749794960022,-0.7537858486175537,0.7089914679527283,Class_8,TCGA-3X-AAVC,816,C24,Stage I,data_loss,Other,None,data_empty,M0,N0,No,72,FEMALE,159,WHITE,Alive,104,T1,data_loss,371,data_empty
TCGA-YR-A95A,APOA4,chr11,116820877,116820877,A,A,C,1.9222674369812007,1.90212082862854,-1.5596022605895996,-0.7918114662170409,1.2894680500030518,-2.2689599990844727,0.8298320770263672,-0.7309733629226685,Class_6,TCGA-YR-A95A,816,C24,Stage IV,YES,No History of Primary Risk Factors,data_loss,data_empty,M1,NX,No,52,MALE,177,WHITE,Dead,77,T2,26,data_loss,data_empty
TCGA-3X-AAVC,LRRCC1,chr8,85145470,85145470,C,C,A,-0.8906288743019104,-0.3447351455688477,0.9116013646125792,1.3031995296478271,-1.998181700706482,0.8534443378448486,-1.110456466674805,1.210586428642273,Class_5,TCGA-3X-AAVC,816,C24,Stage I,data_loss,Other,None,data_empty,M0,N0,No,72,FEMALE,159,WHITE,Alive,104,T1,data_loss,371,data_empty
TCGA-3X-AAVC,OR1S1,chr11,58214941,58214941,C,C,T,-1.4675815105438232,-1.3496637344360352,1.6540749073028564,1.4422390460968018,-2.485161781311035,1.738186955451965,-1.4997005462646484,1.6017156839370728,Class_4,TCGA-3X-AAVC,816,C24,Stage I,data_loss,Other,None,data_empty,M0,N0,No,72,FEMALE,159,WHITE,Alive,104,T1,data_loss,371,data_empty
TCGA-W5-AA2X,MUCL1,chr12,54854641,54854641,G,G,A,-1.3385462760925293,-0.09989500045776367,0.9177019000053406,0.763749897480011,-1.4331425428390503,0.9152230024337769,-0.7415316104888916,0.7557886242866516,Class_8,TCGA-W5-AA2X,816,C24,Stage IVB,YES,No History of Primary Risk Factors,Micro,data_empty,M1,N1,No,67,MALE,167,WHITE,Dead,88,T2b,271,data_loss,data_empty
TCGA-W5-AA2X,ADAMTS13,chr9,133440396,133440396,T,T,G,0.5400082468986511,1.148972749710083,-0.715928316116333,-1.0629009008407593,1.3506007194519043,-1.0739848613739014,0.9422321319580078,-1.0473781824111938,Class_2,TCGA-W5-AA2X,816,C24,Stage IVB,YES,No History of Primary Risk Factors,Micro,data_empty,M1,N1,No,67,MALE,167,WHITE,Dead,88,T2b,271,data_loss,data_empty
